Workbook

Sheet Curva de Calibração
K3: Y=0,1678x+0,0244 | O3: ABS | P3: ABS*VOL | Q3: C. Teorica | R3: C. Real
N4: 1 ppm | O4: 0.194 | P4: =0.194*50 -> 9.7 | Q4: 50 | R4: =(P4-0.0244)/0.1678 -> 57.661502
N5: 2 | O5: =0.398 -> 0.398 | P5: =0.398*50 -> 19.9 | Q5: 100 | R5: =(P5-0.0244)/0.1678 -> 118.44815
B6: Concetração | C6: Absorbância | N6: 20 | O6: 3.353 | P6: =3.353*50 -> 167.65 | Q6: 1000 | R6: =(P6-0.0244)/0.1678 -> 998.96067
B7: (ppm) | C7: (nm) | N7: 4 ppm | O7: 0.788 | P7: =0.788*50 -> 39.4 | Q7: 200 | R7: =(P7-0.0244)/0.1678 -> 234.65793
B8: 0.1 | C8: 0.011 | N8: desc. 1 | O8: 0.648 | P8: =0.648*50 -> 32.4 | Q8: 200 | R8: =(P8-0.0244)/0.1678 -> 192.9416
B9: 0.5 | C9: 0.086 | N9: desc. 2 | O9: 0.38 | P9: =0.38*50 -> 19 | Q9: 200 | R9: =(P9-0.0244)/0.1678 -> 113.08462
B10: 1 | C10: 0.194 | N10: SOL 4 | O10: 0.677 | P10: =O10*50 -> 33.85 | Q10: 200 | R10: =(P10-0.0244)/0.1678 -> 201.58284
B11: 2 | C11: 0.398 | N11: SOL 5 | O11: 0.811 | P11: =O11*50 -> 40.55 | Q11: 200 | R11: =(P11-0.0244)/0.1678 -> 241.51132
B12: 5 | C12: 0.848
B13: 10 | C13: 1.756
B14: 20 | C14: 3.353

Sheet pH PALMA
O3: ABS | P3: Concetração (ppm)
A4: Fibra da PalmaTratadas com Ácido | N4: 200 ppm | O4: 0.788 | P4: 234.66
A6: Valores de pH | C6: massa de semente (g) | E6: Absorbâncias (nm) | G6: Absorbâncias (nm) | I6: Concetração (ppm) | K6: Média (ppm) | L6: Desvio Padrão | M6: % Remoção | O6: Média % | P6: Desvio Padrão | Q6: QE (mg/g) | S6: Média | T6: Desvio Padrão
A7: Teorico | B7: Exp. | C7: m1 | D7: m2 | E7: abs1 | F7: abs2 | G7: abs 1 dil. | H7: abs 2 dil. | I7: [ ] 1 | J7: [ ] 2 | K7: concentração | Q7: 1 | R7: 2
A8: 2 | B8: 2.3 | C8: 0.1022 | D8: 0.1019 | E8: 0.49 | F8: 0.523 | G8: =E8*50 -> 24.5 | H8: =F8*50 -> 26.15 | I8: =(G8-0.0244)/0.1678 -> 145.86174 | J8: =(H8-0.0244)/0.1678 -> 155.69487 | K8: =(I8+J8)/2 -> 150.77831 | L8: =STDEV(I8:J8) -> 6.9530762 | M8: =(($P$4-I8)/$P$4)*100 -> 37.841243 | N8: =(($P$4-J8)/$P$4)*100 -> 33.650867 | O8: =(M8+N8)/2 -> 35.746055 | P8: =STDEV(M8:N8) -> 2.9630428 | Q8: =(($P$4-I8)/C8)*0.0244 -> 21.200367 | R8: =(($P$4-J8)/D8)*0.0244 -> 18.908234 | S8: =(Q8+R8)/2 -> 20.054301 | T8: =STDEV(Q8:R8) -> 1.6207829
A9: 4 | B9: 4.01 | C9: 0.1023 | D9: 0.1026 | E9: 0.317 | F9: 0.305 | G9: =E9*50 -> 15.85 | H9: =F9*50 -> 15.25 | I9: =(G9-0.0244)/0.1678 -> 94.312277 | J9: =(H9-0.0244)/0.1678 -> 90.736591 | K9: =(I9+J9)/2 -> 92.524434 | L9: =STDEV(I9:J9) -> 2.5283914 | M9: =(($P$4-I9)/$P$4)*100 -> 59.808968 | N9: =(($P$4-J9)/$P$4)*100 -> 61.33274 | O9: =(M9+N9)/2 -> 60.570854 | P9: =STDEV(M9:N9) -> 1.0774701 | Q9: =(($P$4-I9)/C9)*0.0244 -> 33.474921 | R9: =(($P$4-J9)/D9)*0.0244 -> 34.227399 | S9: =(Q9+R9)/2 -> 33.85116 | T9: =STDEV(Q9:R9) -> 0.53208232
A10: 6 | B10: 6.03 | C10: 0.1003 | D10: 0.1006 | E10: 0.285 | F10: 0.277 | G10: =E10*50 -> 14.25 | H10: =F10*50 -> 13.85 | I10: =(G10-0.0244)/0.1678 -> 84.777116 | J10: =(H10-0.0244)/0.1678 -> 82.393325 | K10: =(I10+J10)/2 -> 83.585221 | L10: =STDEV(I10:J10) -> 1.6855942 | M10: =(($P$4-I10)/$P$4)*100 -> 63.872362 | N10: =(($P$4-J10)/$P$4)*100 -> 64.88821 | O10: =(M10+N10)/2 -> 64.380286 | P10: =STDEV(M10:N10) -> 0.7183134 | Q10: =(($P$4-I10)/C10)*0.0244 -> 36.462038 | R10: =(($P$4-J10)/D10)*0.0244 -> 36.93148 | S10: =(Q10+R10)/2 -> 36.696759 | T10: =STDEV(Q10:R10) -> 0.33194566
A11: 8 | B11: 8.05 | C11: 0.1028 | D11: 0.1007 | E11: 0.125 | F11: 0.123 | G11: =E11*50 -> 6.25 | H11: =F11*50 -> 6.15 | I11: =(G11-0.0244)/0.1678 -> 37.101311 | J11: =(H11-0.0244)/0.1678 -> 36.505364 | K11: =(I11+J11)/2 -> 36.803337 | L11: =STDEV(I11:J11) -> 0.42139856 | M11: =(($P$4-I11)/$P$4)*100 -> 84.189333 | N11: =(($P$4-J11)/$P$4)*100 -> 84.443295 | O11: =(M11+N11)/2 -> 84.316314 | P11: =STDEV(M11:N11) -> 0.17957835 | Q11: =(($P$4-I11)/C11)*0.0244 -> 46.891362 | R11: =(($P$4-J11)/D11)*0.0244 -> 48.013636 | S11: =(Q11+R11)/2 -> 47.452499 | T11: =STDEV(Q11:R11) -> 0.79356748
A12: 10 | B12: 10.01 | C12: 0.1008 | D12: 0.1015 | E12: 0.084 | F12: 0.05 | G12: =E12*50 -> 4.2 | H12: =F12*50 -> 2.5 | I12: =(G12-0.0244)/0.1678 -> 24.884386 | J12: =(H12-0.0244)/0.1678 -> 14.753278 | K12: =(I12+J12)/2 -> 19.818832 | L12: =STDEV(I12:J12) -> 7.1637755 | M12: =(($P$4-I12)/$P$4)*100 -> 89.395557 | N12: =(($P$4-J12)/$P$4)*100 -> 93.712913 | O12: =(M12+N12)/2 -> 91.554235 | P12: =STDEV(M12:N12) -> 3.052832 | Q12: =(($P$4-I12)/C12)*0.0244 -> 50.779018 | R12: =(($P$4-J12)/D12)*0.0244 -> 52.864276 | S12: =(Q12+R12)/2 -> 51.821647 | T12: =STDEV(Q12:R12) -> 1.4745004
A20: Fibra da Palma In Natura
A21: Valores de pH | C21: massa de semente (g) | E21: Absorbâncias (nm) | G21: Absorbâncias (nm) | I21: Concetração (ppm) | K21: Média (ppm) | L21: Desvio Padrão | M21: % Remoção | O21: Média % | P21: Desvio Padrão | Q21: QE (mg/g) | S21: Média | T21: Desvio Padrão
A22: Teorico | B22: Exp. | C22: m1 | D22: m2 | E22: abs1 | F22: abs2 | G22: abs 1 dil. | H22: abs 2 dil. | I22: [ ] 1 | J22: [ ] 2 | K22: concentração | Q22: 1 | R22: 2
A23: 2 | B23: 2.16 | C23: 0.1015 | D23: 0.1019 | E23: 0.655 | F23: 0.652 | G23: =E23*50 -> 32.75 | H23: =F23*50 -> 32.6 | I23: =(G23-0.0244)/0.1678 -> 195.02741 | J23: =(H23-0.0244)/0.1678 -> 194.13349 | K23: =(I23+J23)/2 -> 194.58045 | L23: =STDEV(I23:J23) -> 0.63209784 | M23: =(($P$4-I23)/$P$4)*100 -> 16.889366 | N23: =(($P$4-J23)/$P$4)*100 -> 17.270309 | O23: =(M23+N23)/2 -> 17.079838 | P23: =STDEV(M23:N23) -> 0.26936753 | Q23: =(($P$4-I23)/C23)*0.001 -> 0.39046883 | R23: =(($P$4-J23)/D23)*0.001 -> 0.39770861 | S23: =(Q23+R23)/2 -> 0.39408872 | T23: =STDEV(Q23:R23) -> 0.0051192991
A24: 4 | B24: 4.24 | C24: 0.1013 | D24: 0.1003 | E24: 0.36 | F24: 0.391 | G24: =E24*50 -> 18 | H24: =F24*50 -> 19.55 | I24: =(G24-0.0244)/0.1678 -> 107.12515 | J24: =(H24-0.0244)/0.1678 -> 116.36234 | K24: =(I24+J24)/2 -> 111.74374 | L24: =STDEV(I24:J24) -> 6.5316777 | M24: =(($P$4-I24)/$P$4)*100 -> 54.348782 | N24: =(($P$4-J24)/$P$4)*100 -> 50.412368 | O24: =(M24+N24)/2 -> 52.380575 | P24: =STDEV(M24:N24) -> 2.7834644 | Q24: =(($P$4-I24)/C24)*0.001 -> 1.2589817 | R24: =(($P$4-J24)/D24)*0.001 -> 1.1794383 | S24: =(Q24+R24)/2 -> 1.21921 | T24: =STDEV(Q24:R24) -> 0.056245694
A25: 6 | B25: 6.03 | C25: 0.1007 | D25: 0.1014 | E25: 0.315 | F25: 0.274 | G25: =E25*50 -> 15.75 | H25: =F25*50 -> 13.7 | I25: =(G25-0.0244)/0.1678 -> 93.716329 | J25: =(H25-0.0244)/0.1678 -> 81.499404 | K25: =(I25+J25)/2 -> 87.607867 | L25: =STDEV(I25:J25) -> 8.6386704 | M25: =(($P$4-I25)/$P$4)*100 -> 60.06293 | N25: =(($P$4-J25)/$P$4)*100 -> 65.269154 | O25: =(M25+N25)/2 -> 62.666042 | P25: =STDEV(M25:N25) -> 3.6813562 | Q25: =(($P$4-I25)/C25)*0.001 -> 1.3996392 | R25: =(($P$4-J25)/D25)*0.001 -> 1.5104595 | S25: =(Q25+R25)/2 -> 1.4550494 | T25: =STDEV(Q25:R25) -> 0.078361779
A26: 8 | B26: 8.01 | C26: 0.1009 | D26: 0.1 | E26: 0.148 | F26: 0.098 | G26: =E26*50 -> 7.4 | H26: =F26*50 -> 4.9 | I26: =(G26-0.0244)/0.1678 -> 43.954708 | J26: =(H26-0.0244)/0.1678 -> 29.056019 | K26: =(I26+J26)/2 -> 36.505364 | L26: =STDEV(I26:J26) -> 10.534964 | M26: =(($P$4-I26)/$P$4)*100 -> 81.268768 | N26: =(($P$4-J26)/$P$4)*100 -> 87.617822 | O26: =(M26+N26)/2 -> 84.443295 | P26: =STDEV(M26:N26) -> 4.4894588 | Q26: =(($P$4-I26)/C26)*0.001 -> 1.8900425 | R26: =(($P$4-J26)/D26)*0.001 -> 2.0560398 | S26: =(Q26+R26)/2 -> 1.9730412 | T26: =STDEV(Q26:R26) -> 0.1173778
A27: 10 | B27: 10.15 | C27: 0.1008 | D27: 0.1016 | E27: 0.058 | F27: 0.059 | G27: =E27*50 -> 2.9 | H27: =F27*50 -> 2.95 | I27: =(G27-0.0244)/0.1678 -> 17.137068 | J27: =(H27-0.0244)/0.1678 -> 17.435042 | K27: =(I27+J27)/2 -> 17.286055 | L27: =STDEV(I27:J27) -> 0.21069928 | M27: =(($P$4-I27)/$P$4)*100 -> 92.697065 | N27: =(($P$4-J27)/$P$4)*100 -> 92.570084 | O27: =(M27+N27)/2 -> 92.633574 | P27: =STDEV(M27:N27) -> 0.089789176 | Q27: =(($P$4-I27)/C27)*0.001 -> 2.1579656 | R27: =(($P$4-J27)/D27)*0.001 -> 2.1380409 | S27: =(Q27+R27)/2 -> 2.1480033 | T27: =STDEV(Q27:R27) -> 0.014088868
A32: Fibra da Palma tratada com Base
A33: Valores de pH | C33: massa de semente (g) | E33: Absorbâncias (nm) | G33: Absorbâncias (nm) | I33: Concetração (ppm) | K33: Média (ppm) | L33: Desvio Padrão | M33: % Remoção | O33: Média % | P33: Desvio Padrão | Q33: QE (mg/g) | S33: Média | T33: Desvio Padrão
A34: Teorico | B34: Exp. | C34: m1 | D34: m2 | E34: abs1 | F34: abs2 | G34: abs 1 dil. | H34: abs 2 dil. | I34: [ ] 1 | J34: [ ] 2 | K34: concentração | Q34: 1 | R34: 2
A35: 2 | B35: 2.16 | C35: 0.1008 | D35: 0.1003 | E35: 0.486 | F35: 0.453 | G35: =E35*50 -> 24.3 | H35: =F35*50 -> 22.65 | I35: =(G35-0.0244)/0.1678 -> 144.66985 | J35: =(H35-0.0244)/0.1678 -> 134.83671 | K35: =(I35+J35)/2 -> 139.75328 | L35: =STDEV(I35:J35) -> 6.9530762 | M35: =(($P$4-I35)/$P$4)*100 -> 38.349167 | N35: =(($P$4-J35)/$P$4)*100 -> 42.539542 | O35: =(M35+N35)/2 -> 40.444355 | P35: =STDEV(M35:N35) -> 2.9630428 | Q35: =(($P$4-I35)/C35)*0.001 -> 0.89275947 | R35: =(($P$4-J35)/D35)*0.001 -> 0.99524715 | S35: =(Q35+R35)/2 -> 0.94400331 | T35: =STDEV(Q35:R35) -> 0.072469734
A36: 4 | B36: 4.24 | C36: 0.1007 | D36: 0.1021 | E36: 0.03 | F36: 0.026 | G36: =E36*50 -> 1.5 | H36: =F36*50 -> 1.3 | I36: =(G36-0.0244)/0.1678 -> 8.7938021 | J36: =(H36-0.0244)/0.1678 -> 7.601907 | K36: =(I36+J36)/2 -> 8.1978546 | L36: =STDEV(I36:J36) -> 0.84279712 | M36: =(($P$4-I36)/$P$4)*100 -> 96.252535 | N36: =(($P$4-J36)/$P$4)*100 -> 96.760459 | O36: =(M36+N36)/2 -> 96.506497 | P36: =STDEV(M36:N36) -> 0.3591567 | Q36: =(($P$4-I36)/C36)*0.001 -> 2.2429613 | R36: =(($P$4-J36)/D36)*0.001 -> 2.2238795 | S36: =(Q36+R36)/2 -> 2.2334204 | T36: =STDEV(Q36:R36) -> 0.013492862
A37: 6 | B37: 6.03 | C37: 0.1015 | D37: 0.1017 | E37: 0.022 | F37: 0.016 | G37: =E37*50 -> 1.1 | H37: =F37*50 -> 0.8 | I37: =(G37-0.0244)/0.1678 -> 6.4100119 | J37: =(H37-0.0244)/0.1678 -> 4.6221692 | K37: =(I37+J37)/2 -> 5.5160906 | L37: =STDEV(I37:J37) -> 1.2641957 | M37: =(($P$4-I37)/$P$4)*100 -> 97.268383 | N37: =(($P$4-J37)/$P$4)*100 -> 98.03027 | O37: =(M37+N37)/2 -> 97.649326 | P37: =STDEV(M37:N37) -> 0.53873505 | Q37: =(($P$4-I37)/C37)*0.001 -> 2.2487684 | R37: =(($P$4-J37)/D37)*0.001 -> 2.2619256 | S37: =(Q37+R37)/2 -> 2.255347 | T37: =STDEV(Q37:R37) -> 0.0093035576
A38: 8 | B38: 8.01 | C38: 0.101 | D38: 0.1006 | E38: 0.014 | F38: 0.013 | G38: =E38*50 -> 0.7 | H38: =F38*50 -> 0.65 | I38: =(G38-0.0244)/0.1678 -> 4.0262217 | J38: =(H38-0.0244)/0.1678 -> 3.7282479 | K38: =(I38+J38)/2 -> 3.8772348 | L38: =STDEV(I38:J38) -> 0.21069928 | M38: =(($P$4-I38)/$P$4)*100 -> 98.284232 | N38: =(($P$4-J38)/$P$4)*100 -> 98.411213 | O38: =(M38+N38)/2 -> 98.347722 | P38: =STDEV(M38:N38) -> 0.089789176 | Q38: =(($P$4-I38)/C38)*0.001 -> 2.2835028 | R38: =(($P$4-J38)/D38)*0.001 -> 2.2955443 | S38: =(Q38+R38)/2 -> 2.2895235 | T38: =STDEV(Q38:R38) -> 0.0085146262
A39: 10 | B39: 10.15 | C39: 0.1007 | D39: 0.1002 | E39: 0.012 | F39: 0.014 | G39: =E39*50 -> 0.6 | H39: =F39*50 -> 0.7 | I39: =(G39-0.0244)/0.1678 -> 3.4302741 | J39: =(H39-0.0244)/0.1678 -> 4.0262217 | K39: =(I39+J39)/2 -> 3.7282479 | L39: =STDEV(I39:J39) -> 0.42139856 | M39: =(($P$4-I39)/$P$4)*100 -> 98.538194 | N39: =(($P$4-J39)/$P$4)*100 -> 98.284232 | O39: =(M39+N39)/2 -> 98.411213 | P39: =STDEV(M39:N39) -> 0.17957835 | Q39: =(($P$4-I39)/C39)*0.001 -> 2.2962237 | R39: =(($P$4-J39)/D39)*0.001 -> 2.3017343 | S39: =(Q39+R39)/2 -> 2.298979 | T39: =STDEV(Q39:R39) -> 0.0038965979

Sheet Massa PALMA
N4: ABS | O4: ABS*VOL | P4: C. Teorica | Q4: C. Real
M5: sol 1 | N5: 0.701 | O5: =N5*50 -> 35.05 | P5: 200 | Q5: =(O5-0.0244)/0.1678 -> 208.73421 | T5: Y=0,1678x+0,0244
M6: sol. 2 | N6: 0.75 | O6: =N6*50 -> 37.5 | P6: 200 | Q6: =(O6-0.0244)/0.1678 -> 223.33492
M7: Sol.3 | N7: 0.788 | O7: =N7*50 -> 39.4 | P7: 200 | Q7: =(O7-0.0244)/0.1678 -> 234.65793
D9: Fibra Palma tratada com Ácido | I9: pH 10 | P9: V= | Q9: =20/1000 -> 0.02
B11: Valores das massas (mg) | D11: massa de semente (g) | F11: Absorbâncias (nm) | H11: Fator diluição | J11: Ce (ppm) | L11: Média (ppm) | M11: Desv P | N11: % Remoção | P11: Média % | Q11: Desvio Padrão | R11: QE (mg/g) | T11: Média | U11: Desv P
D12: m1 | E12: m2 | F12: abs1 | G12: abs2 | H12: abs 1 dil. | I12: abs 2 dil. | J12: [ ] 1 | K12: [ ] 2 | R12: 1 | S12: 2
B13: 50 | D13: 0.05 | E13: 0.0502 | F13: 0.047 | G13: 0.034 | H13: =F13*50 -> 2.35 | I13: =G13*50 -> 1.7 | J13: =(H13-0.0244)/0.1678 -> 13.859356 | K13: =(I13-0.0244)/0.1678 -> 9.9856973 | L13: =(J13+K13)/2 -> 11.922527 | M13: =STDEV(J13:K13) -> 2.7390906 | N13: =(($Q$5-J13)/$Q$5)*100 -> 93.360285 | O13: =(($Q$5-K13)/$Q$5)*100 -> 95.216071 | P13: =(N13+O13)/2 -> 94.288178 | Q13: =STDEV(N13:O13) -> 1.3122385 | R13: =(($Q$5-J13)/D13)*$Q$9 -> 77.94994 | S13: =(($Q$5-K13)/E13)*$Q$9 -> 79.182673 | T13: =(R13+S13)/2 -> 78.566307 | U13: =(S13+T13)/2 -> 78.87449
B14: 75 | D14: 0.0758 | E14: 0.0752 | F14: 0.109 | G14: 0.074 | H14: =F14*50 -> 5.45 | I14: =G14*50 -> 3.7 | J14: =(H14-0.0244)/0.1678 -> 32.333731 | K14: =(I14-0.0244)/0.1678 -> 21.904648 | L14: =(J14+K14)/2 -> 27.11919 | M14: =STDEV(J14:K14) -> 7.3744748 | N14: =(($Q$5-J14)/$Q$5)*100 -> 84.509616 | O14: =(($Q$5-K14)/$Q$5)*100 -> 89.505961 | Q14: =STDEV(N14:O14) -> 3.5329498 | R14: =(($Q$5-J14)/D14)*$Q$9 -> 46.543661 | S14: =(($Q$5-K14)/E14)*$Q$9 -> 49.688713 | T14: =(R14+S14)/2 -> 48.116187 | U14: =(S14+T14)/2 -> 48.90245
B15: 100 | D15: 0.1009 | E15: 0.1014 | F15: 0.525 | G15: 0.452 | H15: =F15*1 -> 0.525 | I15: =G15*1 -> 0.452 | J15: =(H15-0.0244)/0.1678 -> 2.9833135 | K15: =(I15-0.0244)/0.1678 -> 2.5482718 | L15: =(J15+K15)/2 -> 2.7657926 | M15: =STDEV(J15:K15) -> 0.30762095 | N15: =(($Q$5-J15)/$Q$5)*100 -> 98.57076 | O15: =(($Q$5-K15)/$Q$5)*100 -> 98.779179 | P15: =(N15+O15)/2 -> 98.674969 | Q15: =STDEV(N15:O15) -> 0.14737448 | R15: =(($Q$5-J15)/D15)*$Q$9 -> 40.783131 | S15: =(($Q$5-K15)/E15)*$Q$9 -> 40.667837 | T15: =(R15+S15)/2 -> 40.725484 | U15: =(S15+T15)/2 -> 40.696661
B16: 125 | D16: 0.1259 | E16: 0.1256 | F16: 0.023 | G16: 0.027 | H16: =F16*50 -> 1.15 | I16: =G16*50 -> 1.35 | J16: =(H16-0.0244)/0.1678 -> 6.7079857 | K16: =(I16-0.0244)/0.1678 -> 7.8998808 | L16: =(J16+K16)/2 -> 7.3039333 | M16: =STDEV(J16:K16) -> 0.84279712 | N16: =(($Q$5-J16)/$Q$5)*100 -> 96.786351 | O16: =(($Q$5-K16)/$Q$5)*100 -> 96.21534 | Q16: =STDEV(N16:O16) -> 0.40376569 | R16: =(($Q$5-J16)/D16)*$Q$9 -> 32.093125 | S16: =(($Q$5-K16)/E16)*$Q$9 -> 31.979988 | T16: =(R16+S16)/2 -> 32.036557 | U16: =(S16+T16)/2 -> 32.008272
B17: 150 | D17: 0.1519 | E17: 0.151 | F17: 0.297 | G17: 0.377 | H17: =F17*1 -> 0.297 | I17: =G17*1 -> 0.377 | J17: =(H17-0.0244)/0.1678 -> 1.624553 | K17: =(I17-0.0244)/0.1678 -> 2.1013111 | L17: =(J17+K17)/2 -> 1.8629321 | M17: =STDEV(J17:K17) -> 0.33711885 | N17: =(($Q$5-J17)/$Q$5)*100 -> 99.221712 | O17: =(($Q$5-K17)/$Q$5)*100 -> 98.993308 | P17: =(N17+O17)/2 -> 99.10751 | Q17: =STDEV(N17:O17) -> 0.16150628 | R17: =(($Q$5-J17)/D17)*$Q$9 -> 27.269211 | S17: =(($Q$5-K17)/E17)*$Q$9 -> 27.368596 | T17: =(R17+S17)/2 -> 27.318903 | U17: =(S17+T17)/2 -> 27.343749
B18: 175 | D18: 0.175 | E18: 0.1757 | F18: 0.023 | G18: 0.023 | H18: =F18*50 -> 1.15 | I18: =G18*50 -> 1.15 | J18: =(H18-0.0244)/0.1678 -> 6.7079857 | K18: =(I18-0.0244)/0.1678 -> 6.7079857 | L18: =(J18+K18)/2 -> 6.7079857 | M18: =STDEV(J18:K18) -> 0 | N18: =(($Q$5-J18)/$Q$5)*100 -> 96.786351 | O18: =(($Q$5-K18)/$Q$5)*100 -> 96.786351 | Q18: =STDEV(N18:O18) -> 0 | R18: =(($Q$5-J18)/D18)*$Q$9 -> 23.088711 | S18: =(($Q$5-K18)/E18)*$Q$9 -> 22.996724 | T18: =(R18+S18)/2 -> 23.042718 | U18: =(S18+T18)/2 -> 23.019721
B19: 200 | D19: 0.2002 | E19: 0.2013 | F19: 0.338 | G19: 0.38 | H19: =F19*1 -> 0.338 | I19: =G19*1 -> 0.38 | J19: =(H19-0.0244)/0.1678 -> 1.8688915 | K19: =(I19-0.0244)/0.1678 -> 2.1191895 | L19: =(J19+K19)/2 -> 1.9940405 | M19: =STDEV(J19:K19) -> 0.17698739 | N19: =(($Q$5-J19)/$Q$5)*100 -> 99.104655 | O19: =(($Q$5-K19)/$Q$5)*100 -> 98.984743 | P19: =(N19+O19)/2 -> 99.044699 | Q19: =STDEV(N19:O19) -> 0.084790795 | R19: =(($Q$5-J19)/D19)*$Q$9 -> 20.665866 | S19: =(($Q$5-K19)/E19)*$Q$9 -> 20.528069 | T19: =(R19+S19)/2 -> 20.596968 | U19: =(S19+T19)/2 -> 20.562518
D24: Fibra Palma tratada com Base | I24: pH 6
B26: Valores das massas (mg) | D26: massa de semente (g) | F26: Absorbâncias (nm) | H26: Fator diluição | J26: Concetração (ppm) | L26: Média (ppm) | M26: Desv P | N26: % Remoção | P26: Média % | Q26: Desvio Padrão | R26: QE (mg/g) | T26: Média | U26: Desv P
D27: m1 | E27: m2 | F27: abs1 | G27: abs2 | H27: abs 1 dil. | I27: abs 2 dil. | J27: [ ] 1 | K27: [ ] 2 | L27: concentração | R27: 1 | S27: 2
B28: 50 | D28: 0.0511 | E28: 0.0506 | F28: 0.041 | G28: 0.023 | H28: =F28*50 -> 2.05 | I28: =G28*50 -> 1.15 | J28: =(H28-0.0244)/0.1678 -> 12.071514 | K28: =(I28-0.0244)/0.1678 -> 6.7079857 | L28: =(J28+K28)/2 -> 9.3897497 | M28: =STDEV(J28:K28) -> 3.792587 | N28: =(($Q$5-J28)/$Q$5)*100 -> 94.216801 | O28: =(($Q$5-K28)/$Q$5)*100 -> 96.786351 | P28: =(N28+O28)/2 -> 95.501576 | Q28: =STDEV(N28:O28) -> 1.8169456 | R28: =(($Q$5-J28)/D28)*$Q$9 -> 76.9717 | S28: =(($Q$5-K28)/E28)*$Q$9 -> 79.852262 | T28: =(R28+S28)/2 -> 78.411981 | U28: =STDEV(R28:S28) -> 2.0368645
B29: 75 | D29: 0.0761 | E29: 0.0752 | F29: 0.02 | G29: 0.035 | H29: =F29*50 -> 1 | I29: =G29*50 -> 1.75 | J29: =(H29-0.0244)/0.1678 -> 5.8140644 | K29: =(I29-0.0244)/0.1678 -> 10.283671 | L29: =(J29+K29)/2 -> 8.0488677 | M29: =STDEV(J29:K29) -> 3.1604892 | N29: =(($Q$5-J29)/$Q$5)*100 -> 97.214609 | O29: =(($Q$5-K29)/$Q$5)*100 -> 95.073318 | Q29: =STDEV(N29:O29) -> 1.5141213 | R29: =(($Q$5-J29)/D29)*$Q$9 -> 53.329867 | S29: =(($Q$5-K29)/E29)*$Q$9 -> 52.779398 | T29: =(R29+S29)/2 -> 53.054632 | U29: =STDEV(R29:S29) -> 0.38924022
B30: 100 | D30: 0.1026 | E30: 0.1022 | F30: 0.459 | G30: 0.324 | H30: =F30*1 -> 0.459 | I30: =G30*1 -> 0.324 | J30: =(H30-0.0244)/0.1678 -> 2.5899881 | K30: =(I30-0.0244)/0.1678 -> 1.7854589 | L30: =(J30+K30)/2 -> 2.1877235 | M30: =STDEV(J30:K30) -> 0.56888805 | N30: =(($Q$5-J30)/$Q$5)*100 -> 98.759193 | O30: =(($Q$5-K30)/$Q$5)*100 -> 99.144626 | P30: =(N30+O30)/2 -> 98.951909 | Q30: =STDEV(N30:O30) -> 0.27254184 | R30: =(($Q$5-J30)/D30)*$Q$9 -> 40.184058 | S30: =(($Q$5-K30)/E30)*$Q$9 -> 40.498777 | T30: =(R30+S30)/2 -> 40.341417 | U30: =STDEV(R30:S30) -> 0.22253942
B31: 125 | D31: 0.1254 | E31: 0.1255 | F31: 0.018 | G31: 0.013 | H31: =F31*50 -> 0.9 | I31: =G31*50 -> 0.65 | J31: =(H31-0.0244)/0.1678 -> 5.2181168 | K31: =(I31-0.0244)/0.1678 -> 3.7282479 | L31: =(J31+K31)/2 -> 4.4731824 | M31: =STDEV(J31:K31) -> 1.0534964 | N31: =(($Q$5-J31)/$Q$5)*100 -> 97.500114 | O31: =(($Q$5-K31)/$Q$5)*100 -> 98.213878 | Q31: =STDEV(N31:O31) -> 0.50470712 | R31: =(($Q$5-J31)/D31)*$Q$9 -> 32.458707 | S31: =(($Q$5-K31)/E31)*$Q$9 -> 32.670272 | T31: =(R31+S31)/2 -> 32.56449 | U31: =STDEV(R31:S31) -> 0.14959961
B32: 150 | D32: 0.152 | E32: 0.152 | F32: 0.239 | G32: 0.255 | H32: =F32*1 -> 0.239 | I32: =G32*1 -> 0.255 | J32: =(H32-0.0244)/0.1678 -> 1.2789035 | K32: =(I32-0.0244)/0.1678 -> 1.3742551 | L32: =(J32+K32)/2 -> 1.3265793 | M32: =STDEV(J32:K32) -> 0.067423769 | N32: =(($Q$5-J32)/$Q$5)*100 -> 99.387305 | O32: =(($Q$5-K32)/$Q$5)*100 -> 99.341624 | P32: =(N32+O32)/2 -> 99.364465 | Q32: =STDEV(N32:O32) -> 0.032301255 | R32: =(($Q$5-J32)/D32)*$Q$9 -> 27.296751 | S32: =(($Q$5-K32)/E32)*$Q$9 -> 27.284204 | T32: =(R32+S32)/2 -> 27.290477 | U32: =STDEV(R32:S32) -> 0.0088715486
B33: 175 | D33: 0.1751 | E33: 0.1761 | F33: 0.019 | G33: 0.011 | H33: =F33*50 -> 0.95 | I33: =G33*50 -> 0.55 | J33: =(H33-0.0244)/0.1678 -> 5.5160906 | K33: =(I33-0.0244)/0.1678 -> 3.1323004 | L33: =(J33+K33)/2 -> 4.3241955 | M33: =STDEV(J33:K33) -> 1.6855942 | N33: =(($Q$5-J33)/$Q$5)*100 -> 97.357361 | O33: =(($Q$5-K33)/$Q$5)*100 -> 98.499383 | Q33: =STDEV(N33:O33) -> 0.80753138 | R33: =(($Q$5-J33)/D33)*$Q$9 -> 23.211664 | S33: =(($Q$5-K33)/E33)*$Q$9 -> 23.350586 | T33: =(R33+S33)/2 -> 23.281125 | U33: =STDEV(R33:S33) -> 0.098232594
B34: 200 | D34: 0.2045 | E34: 0.2028 | F34: 0.167 | G34: 0.161 | H34: =F34*1 -> 0.167 | I34: =G34*1 -> 0.161 | J34: =(H34-0.0244)/0.1678 -> 0.84982122 | K34: =(I34-0.0244)/0.1678 -> 0.81406436 | L34: =(J34+K34)/2 -> 0.83194279 | M34: =STDEV(J34:K34) -> 0.025283914 | N34: =(($Q$5-J34)/$Q$5)*100 -> 99.592869 | O34: =(($Q$5-K34)/$Q$5)*100 -> 99.61 | P34: =(N34+O34)/2 -> 99.601434 | Q34: =STDEV(N34:O34) -> 0.012112971 | R34: =(($Q$5-J34)/D34)*$Q$9 -> 20.330991 | S34: =(($Q$5-K34)/E34)*$Q$9 -> 20.504945 | T34: =(R34+S34)/2 -> 20.417968 | U34: =STDEV(R34:S34) -> 0.12300388
D38: Fibra Palma In Natura | H38: pH 10
B40: Valores das massas (mg) | D40: massa de semente (g) | F40: Absorbâncias (nm) | H40: Fator diluição | J40: Concetração (ppm) | L40: Média (ppm) | M40: Desvio Padrão | N40: % Remoção | P40: Média % | Q40: Desvio Padrão | R40: QE (mg/g) | T40: Média | U40: Desvio Padrão
D41: m1 | E41: m2 | F41: abs1 | G41: abs2 | H41: abs 1 dil. | I41: abs 2 dil. | J41: [ ] 1 | K41: [ ] 2 | L41: concentração | R41: 1 | S41: 2
B42: 50 | D42: 0.0502 | E42: 0.0517 | F42: 0.042 | G42: 0.03 | H42: =F42*50 -> 2.1 | I42: =G42*50 -> 1.5 | J42: =(H42-0.0244)/0.1678 -> 12.369487 | K42: =(I42-0.0244)/0.1678 -> 8.7938021 | L42: =(J42+K42)/2 -> 10.581645 | M42: =STDEV(J42:K42) -> 2.5283914 | N42: =(($Q$5-J42)/$Q$5)*100 -> 94.074049 | O42: =(($Q$5-K42)/$Q$5)*100 -> 95.787081 | P42: =(N42+O42)/2 -> 94.930565 | Q42: =STDEV(N42:O42) -> 1.2112971 | R42: =(($Q$5-J42)/D42)*$Q$9 -> 78.232956 | S42: =(($Q$5-K42)/E42)*$Q$9 -> 77.346385 | T42: =(R42+S42)/2 -> 77.789671 | U42: =STDEV(R42:S42) -> 0.62690046
B43: 75 | D43: 0.0761 | E43: 0.076 | F43: 0.056 | G43: 0.072 | H43: =F43*50 -> 2.8 | I43: =G43*50 -> 3.6 | J43: =(H43-0.0244)/0.1678 -> 16.54112 | K43: =(I43-0.0244)/0.1678 -> 21.308701 | L43: =(J43+K43)/2 -> 18.924911 | M43: =STDEV(J43:K43) -> 3.3711885 | N43: =(($Q$5-J43)/$Q$5)*100 -> 92.07551 | O43: =(($Q$5-K43)/$Q$5)*100 -> 89.791467 | Q43: =STDEV(N43:O43) -> 1.6150628 | R43: =(($Q$5-J43)/D43)*$Q$9 -> 50.510667 | S43: =(($Q$5-K43)/E43)*$Q$9 -> 49.322502 | T43: =(R43+S43)/2 -> 49.916584 | U43: =STDEV(R43:S43) -> 0.84015955
B44: 100 | D44: 0.102 | E44: 0.1006 | F44: 0.631 | G44: 0.744 | H44: =F44*1 -> 0.631 | I44: =G44*1 -> 0.744 | J44: =(H44-0.0244)/0.1678 -> 3.6150179 | K44: =(I44-0.0244)/0.1678 -> 4.2884386 | L44: =(J44+K44)/2 -> 3.9517282 | M44: =STDEV(J44:K44) -> 0.47618037 | N44: =(($Q$5-J44)/$Q$5)*100 -> 98.268124 | O44: =(($Q$5-K44)/$Q$5)*100 -> 97.945503 | P44: =(N44+O44)/2 -> 98.106813 | Q44: =STDEV(N44:O44) -> 0.22812762 | R44: =(($Q$5-J44)/D44)*$Q$9 -> 40.219449 | S44: =(($Q$5-K44)/E44)*$Q$9 -> 40.645282 | T44: =(R44+S44)/2 -> 40.432365 | U44: =STDEV(R44:S44) -> 0.3011095
B45: 125 | D45: 0.1255 | E45: 0.1254 | F45: 0.031 | G45: 0.024 | H45: =F45*50 -> 1.55 | I45: =G45*50 -> 1.2 | J45: =(H45-0.0244)/0.1678 -> 9.0917759 | K45: =(I45-0.0244)/0.1678 -> 7.0059595 | L45: =(J45+K45)/2 -> 8.0488677 | M45: =STDEV(J45:K45) -> 1.474895 | N45: =(($Q$5-J45)/$Q$5)*100 -> 95.644329 | O45: =(($Q$5-K45)/$Q$5)*100 -> 96.643598 | Q45: =STDEV(N45:O45) -> 0.70658996 | R45: =(($Q$5-J45)/D45)*$Q$9 -> 31.815527 | S45: =(($Q$5-K45)/E45)*$Q$9 -> 32.173564 | T45: =(R45+S45)/2 -> 31.994546 | U45: =STDEV(R45:S45) -> 0.25317063
B46: 150 | D46: 0.1532 | E46: 0.153 | F46: 0.491 | G46: 0.451 | H46: =F46*1 -> 0.491 | I46: =G46*1 -> 0.451 | J46: =(H46-0.0244)/0.1678 -> 2.7806913 | K46: =(I46-0.0244)/0.1678 -> 2.5423123 | L46: =(J46+K46)/2 -> 2.6615018 | M46: =STDEV(J46:K46) -> 0.16855942 | N46: =(($Q$5-J46)/$Q$5)*100 -> 98.667832 | O46: =(($Q$5-K46)/$Q$5)*100 -> 98.782034 | P46: =(N46+O46)/2 -> 98.724933 | Q46: =STDEV(N46:O46) -> 0.080753138 | R46: =(($Q$5-J46)/D46)*$Q$9 -> 26.886882 | S46: =(($Q$5-K46)/E46)*$Q$9 -> 26.953189 | T46: =(R46+S46)/2 -> 26.920035 | U46: =STDEV(R46:S46) -> 0.046886064
B47: 175 | D47: 0.1752 | E47: 0.1756 | F47: 0.018 | G47: 0.017 | H47: =F47*50 -> 0.9 | I47: =G47*50 -> 0.85 | J47: =(H47-0.0244)/0.1678 -> 5.2181168 | K47: =(I47-0.0244)/0.1678 -> 4.920143 | L47: =(J47+K47)/2 -> 5.0691299 | M47: =STDEV(J47:K47) -> 0.21069928 | N47: =(($Q$5-J47)/$Q$5)*100 -> 97.500114 | O47: =(($Q$5-K47)/$Q$5)*100 -> 97.642867 | Q47: =STDEV(N47:O47) -> 0.10094142 | R47: =(($Q$5-J47)/D47)*$Q$9 -> 23.23243 | S47: =(($Q$5-K47)/E47)*$Q$9 -> 23.213447 | T47: =(R47+S47)/2 -> 23.222939 | U47: =STDEV(R47:S47) -> 0.013423337
B48: 200 | D48: 0.2 | E48: 0.2 | F48: 0.484 | G48: 0.53 | H48: =F48*1 -> 0.484 | I48: =G48*1 -> 0.53 | J48: =(H48-0.0244)/0.1678 -> 2.738975 | K48: =(I48-0.0244)/0.1678 -> 3.0131108 | L48: =(J48+K48)/2 -> 2.8760429 | M48: =STDEV(J48:K48) -> 0.19384334 | N48: =(($Q$5-J48)/$Q$5)*100 -> 98.687817 | O48: =(($Q$5-K48)/$Q$5)*100 -> 98.556484 | P48: =(N48+O48)/2 -> 98.622151 | Q48: =STDEV(N48:O48) -> 0.092866109 | R48: =(($Q$5-J48)/D48)*$Q$9 -> 20.599523 | S48: =(($Q$5-K48)/E48)*$Q$9 -> 20.57211 | T48: =(R48+S48)/2 -> 20.585816 | U48: =STDEV(R48:S48) -> 0.019384334

Sheet Tempo PALMA
C2: Massa=100 mg | E2: =100*3 -> 300 | Q2: ABS | R2: ABS*VOL | T2: C. Teorico | U2: C. Real
M3: Y=0,1678x+0,0244 | P3: sol 4 | Q3: 0.677 | R3: =Q3*50 -> 33.85 | T3: 200 | U3: =(R3-0.0244)/0.1678 -> 201.58284
B4: Fibra Palma Ácido | F4: pH=10
Y5: 8h
B6: Tempo (min) | C6: massa de semente (g) | E6: Absorbâncias (nm) | G6: Fator diluição | I6: Ce (ppm) | K6: Média (ppm) | L6: DESV P | M6: % Remoção | O6: Média % | P6: DESV P | Q6: QE (mg/g) | S6: Média | T6: DESV P
C7: m1 | D7: m2 | E7: abs1 | F7: abs2 | G7: abs 1 dil. | H7: abs 2 dil. | I7: [ ] 1 | J7: [ ] 2 | Q7: 1 | R7: 2
B8: 0 | C8: 0.3053 | D8: 0.3033 | E8: 0.677 | F8: 0.677 | G8: =E8*50 -> 33.85 | H8: =F8*50 -> 33.85 | I8: =(G8-0.0244)/0.1678 -> 201.58284 | J8: =(H8-0.0244)/0.1678 -> 201.58284 | K8: =(I8+J8)/2 -> 201.58284 | L8: =STDEV(I8:J8) -> 0 | M8: =(($U$3-I8)/$U$3)*100 -> 0 | N8: =(($U$3-J8)/$U$3)*100 -> 0 | O8: =(M8+N8)/2 -> 0 | P8: =STDEV(M8:N8) -> 0 | Q8: =(($U$3-I8)/C8)*0.0244 -> 0 | R8: =(($U$3-J8)/D8)*0.0244 -> 0 | S8: =(Q8+R8)/2 -> 0 | T8: =STDEV(Q8:R8) -> 0
B9: 1 | C9: 0.3053 | D9: 0.3033 | E9: 0.534 | F9: 0.535 | G9: =E9*50 -> 26.7 | H9: =F9*50 -> 26.75 | I9: =(G9-0.0244)/0.1678 -> 158.97259 | J9: =(H9-0.0244)/0.1678 -> 159.27056 | K9: =(I9+J9)/2 -> 159.12157 | L9: =STDEV(I9:J9) -> 0.21069928 | M9: =(($U$3-I9)/$U$3)*100 -> 21.137836 | N9: =(($U$3-J9)/$U$3)*100 -> 20.990019 | O9: =(M9+N9)/2 -> 21.063928 | P9: =STDEV(M9:N9) -> 0.10452243 | Q9: =(($U$3-I9)/C9)*0.0244 -> 3.4054704 | R9: =(($U$3-J9)/D9)*0.0244 -> 3.403955 | S9: =(Q9+R9)/2 -> 3.4047127 | T9: =STDEV(Q9:R9) -> 0.0010715464
B10: 5 | C10: 0.3053 | D10: 0.3033 | E10: 0.506 | F10: 0.511 | G10: =E10*50 -> 25.3 | H10: =F10*50 -> 25.55 | I10: =(G10-0.0244)/0.1678 -> 150.62932 | J10: =(H10-0.0244)/0.1678 -> 152.11919 | K10: =(I10+J10)/2 -> 151.37426 | L10: =STDEV(I10:J10) -> 1.0534964 | M10: =(($U$3-I10)/$U$3)*100 -> 25.276713 | N10: =(($U$3-J10)/$U$3)*100 -> 24.537628 | O10: =(M10+N10)/2 -> 24.907171 | P10: =STDEV(M10:N10) -> 0.52261215 | Q10: =(($U$3-I10)/C10)*0.0244 -> 4.0722758 | R10: =(($U$3-J10)/D10)*0.0244 -> 3.9792713 | S10: =(Q10+R10)/2 -> 4.0257735 | T10: =STDEV(Q10:R10) -> 0.065764077
B11: 10 | C11: 0.3053 | D11: 0.3033 | E11: 0.46 | F11: 0.465 | G11: =E11*50 -> 23 | H11: =F11*50 -> 23.25 | I11: =(G11-0.0244)/0.1678 -> 136.92253 | J11: =(H11-0.0244)/0.1678 -> 138.4124 | K11: =(I11+J11)/2 -> 137.66746 | L11: =STDEV(I11:J11) -> 1.0534964 | M11: =(($U$3-I11)/$U$3)*100 -> 32.076297 | N11: =(($U$3-J11)/$U$3)*100 -> 31.337212 | O11: =(M11+N11)/2 -> 31.706755 | P11: =STDEV(M11:N11) -> 0.52261215 | Q11: =(($U$3-I11)/C11)*0.0244 -> 5.1677418 | R11: =(($U$3-J11)/D11)*0.0244 -> 5.081961 | S11: =(Q11+R11)/2 -> 5.1248514 | T11: =STDEV(Q11:R11) -> 0.060656187
B12: 30 | C12: 0.3053 | D12: 0.3033 | E12: 0.363 | F12: 0.382 | G12: =E12*50 -> 18.15 | H12: =F12*50 -> 19.1 | I12: =(G12-0.0244)/0.1678 -> 108.01907 | J12: =(H12-0.0244)/0.1678 -> 113.68057 | K12: =(I12+J12)/2 -> 110.84982 | L12: =STDEV(I12:J12) -> 4.0032863 | M12: =(($U$3-I12)/$U$3)*100 -> 46.41455 | N12: =(($U$3-J12)/$U$3)*100 -> 43.606026 | O12: =(M12+N12)/2 -> 45.010288 | P12: =STDEV(M12:N12) -> 1.9859262 | Q12: =(($U$3-I12)/C12)*0.0244 -> 7.4777462 | R12: =(($U$3-J12)/D12)*0.0244 -> 7.0715966 | S12: =(Q12+R12)/2 -> 7.2746714 | T12: =STDEV(Q12:R12) -> 0.28719108
B13: 60 | C13: 0.3053 | D13: 0.3033 | E13: 0.267 | F13: 0.266 | G13: =E13*50 -> 13.35 | H13: =F13*50 -> 13.3 | I13: =(G13-0.0244)/0.1678 -> 79.413588 | J13: =(H13-0.0244)/0.1678 -> 79.115614 | K13: =(I13+J13)/2 -> 79.264601 | L13: =STDEV(I13:J13) -> 0.21069928 | M13: =(($U$3-I13)/$U$3)*100 -> 60.604986 | N13: =(($U$3-J13)/$U$3)*100 -> 60.752803 | O13: =(M13+N13)/2 -> 60.678894 | P13: =STDEV(M13:N13) -> 0.10452243 | Q13: =(($U$3-I13)/C13)*0.0244 -> 9.7639361 | R13: =(($U$3-J13)/D13)*0.0244 -> 9.8522922 | S13: =(Q13+R13)/2 -> 9.8081142 | T13: =STDEV(Q13:R13) -> 0.062477261
B14: 90 | C14: 0.3053 | D14: 0.3033 | E14: 0.21 | F14: 0.213 | G14: =E14*50 -> 10.5 | H14: =F14*50 -> 10.65 | I14: =(G14-0.0244)/0.1678 -> 62.429082 | J14: =(H14-0.0244)/0.1678 -> 63.323004 | K14: =(I14+J14)/2 -> 62.876043 | L14: =STDEV(I14:J14) -> 0.63209784 | M14: =(($U$3-I14)/$U$3)*100 -> 69.030557 | N14: =(($U$3-J14)/$U$3)*100 -> 68.587106 | O14: =(M14+N14)/2 -> 68.808831 | P14: =STDEV(M14:N14) -> 0.31356729 | Q14: =(($U$3-I14)/C14)*0.0244 -> 11.121361 | R14: =(($U$3-J14)/D14)*0.0244 -> 11.122782 | S14: =(Q14+R14)/2 -> 11.122072 | T14: =STDEV(Q14:R14) -> 0.0010049217
B15: 120 | C15: 0.3053 | D15: 0.3033 | E15: 0.17 | F15: 0.166 | G15: =E15*50 -> 8.5 | H15: =F15*50 -> 8.3 | I15: =(G15-0.0244)/0.1678 -> 50.510131 | J15: =(H15-0.0244)/0.1678 -> 49.318236 | K15: =(I15+J15)/2 -> 49.914184 | L15: =STDEV(I15:J15) -> 0.84279712 | M15: =(($U$3-I15)/$U$3)*100 -> 74.943238 | N15: =(($U$3-J15)/$U$3)*100 -> 75.534506 | O15: =(M15+N15)/2 -> 75.238872 | P15: =STDEV(M15:N15) -> 0.41808972 | Q15: =(($U$3-I15)/C15)*0.0244 -> 12.07394 | R15: =(($U$3-J15)/D15)*0.0244 -> 12.249444 | S15: =(Q15+R15)/2 -> 12.161692 | T15: =STDEV(Q15:R15) -> 0.12409951
B16: 180 | C16: 0.3053 | D16: 0.3033 | E16: 0.105 | F16: 0.13 | G16: =E16*50 -> 5.25 | H16: =F16*50 -> 6.5 | I16: =(G16-0.0244)/0.1678 -> 31.141836 | J16: =(H16-0.0244)/0.1678 -> 38.59118 | K16: =(I16+J16)/2 -> 34.866508 | L16: =STDEV(I16:J16) -> 5.267482 | M16: =(($U$3-I16)/$U$3)*100 -> 84.551346 | N16: =(($U$3-J16)/$U$3)*100 -> 80.85592 | O16: 82 | P16: =STDEV(M16:N16) -> 2.6130607 | Q16: =(($U$3-I16)/C16)*0.0244 -> 13.621882 | R16: =(($U$3-J16)/D16)*0.0244 -> 13.112418 | S16: =(Q16+R16)/2 -> 13.36715 | T16: =STDEV(Q16:R16) -> 0.36024501
B17: 240 | C17: 0.3053 | D17: 0.3033 | E17: 0.092 | F17: 0.089 | G17: =E17*50 -> 4.6 | H17: =F17*50 -> 4.45 | I17: =(G17-0.0244)/0.1678 -> 27.268176 | J17: =(H17-0.0244)/0.1678 -> 26.374255 | K17: =(I17+J17)/2 -> 26.821216 | L17: =STDEV(I17:J17) -> 0.63209784 | M17: =(($U$3-I17)/$U$3)*100 -> 86.472967 | N17: =(($U$3-J17)/$U$3)*100 -> 86.916418 | O17: =(M17+N17)/2 -> 86.694693 | P17: =STDEV(M17:N17) -> 0.31356729 | Q17: =(($U$3-I17)/C17)*0.0244 -> 13.93147 | R17: =(($U$3-J17)/D17)*0.0244 -> 14.09525 | S17: =(Q17+R17)/2 -> 14.01336 | T17: =STDEV(Q17:R17) -> 0.11581029
B18: 300 | C18: 0.3053 | D18: 0.3033 | E18: 0.076 | F18: 0.074 | G18: =E18*50 -> 3.8 | H18: =F18*50 -> 3.7 | I18: =(G18-0.0244)/0.1678 -> 22.500596 | J18: =(H18-0.0244)/0.1678 -> 21.904648 | K18: =(I18+J18)/2 -> 22.202622 | L18: =STDEV(I18:J18) -> 0.42139856 | M18: =(($U$3-I18)/$U$3)*100 -> 88.83804 | N18: =(($U$3-J18)/$U$3)*100 -> 89.133674 | O18: =(M18+N18)/2 -> 88.985857 | P18: =STDEV(M18:N18) -> 0.20904486 | Q18: =(($U$3-I18)/C18)*0.0244 -> 14.312501 | R18: =(($U$3-J18)/D18)*0.0244 -> 14.454823 | S18: =(Q18+R18)/2 -> 14.383662 | T18: =STDEV(Q18:R18) -> 0.10063653
B19: 360 | C19: 0.3053 | D19: 0.3033 | E19: 0.066 | F19: 0.073 | G19: =E19*50 -> 3.3 | H19: =F19*50 -> 3.65 | I19: =(G19-0.0244)/0.1678 -> 19.520858 | J19: =(H19-0.0244)/0.1678 -> 21.606675 | K19: =(I19+J19)/2 -> 20.563766 | L19: =STDEV(I19:J19) -> 1.474895 | M19: =(($U$3-I19)/$U$3)*100 -> 90.31621 | N19: =(($U$3-J19)/$U$3)*100 -> 89.281491 | O19: =(M19+N19)/2 -> 89.798851 | P19: =STDEV(M19:N19) -> 0.73165701 | Q19: =(($U$3-I19)/C19)*0.0244 -> 14.550646 | R19: =(($U$3-J19)/D19)*0.0244 -> 14.478794 | S19: =(Q19+R19)/2 -> 14.51472 | T19: =STDEV(Q19:R19) -> 0.050806844
B20: 480 | C20: 0.3053 | D20: 0.3033 | E20: 0.056 | F20: 0.059 | G20: =E20*50 -> 2.8 | H20: =F20*50 -> 2.95 | I20: =(G20-0.0244)/0.1678 -> 16.54112 | J20: =(H20-0.0244)/0.1678 -> 17.435042 | K20: =(I20+J20)/2 -> 16.988081 | L20: =STDEV(I20:J20) -> 0.63209784 | M20: =(($U$3-I20)/$U$3)*100 -> 91.794381 | N20: =(($U$3-J20)/$U$3)*100 -> 91.350929 | O20: =(M20+N20)/2 -> 91.572655 | P20: =STDEV(M20:N20) -> 0.31356729 | Q20: =(($U$3-I20)/C20)*0.0244 -> 14.788791 | R20: =(($U$3-J20)/D20)*0.0244 -> 14.814396 | S20: =(Q20+R20)/2 -> 14.801593 | T20: =STDEV(Q20:R20) -> 0.018105247
B21: 1440 | C21: 0.3053 | D21: 0.3033 | E21: 0.053 | F21: 0.052 | G21: =E21*50 -> 2.65 | H21: =F21*50 -> 2.6 | I21: =(G21-0.0244)/0.1678 -> 15.647199 | J21: =(H21-0.0244)/0.1678 -> 15.349225 | K21: =(I21+J21)/2 -> 15.498212 | L21: =STDEV(I21:J21) -> 0.21069928 | M21: =(($U$3-I21)/$U$3)*100 -> 92.237832 | N21: =(($U$3-J21)/$U$3)*100 -> 92.385649 | O21: =(M21+N21)/2 -> 92.31174 | P21: =STDEV(M21:N21) -> 0.10452243 | Q21: =(($U$3-I21)/C21)*0.0244 -> 14.860234 | R21: =(($U$3-J21)/D21)*0.0244 -> 14.982196 | S21: =(Q21+R21)/2 -> 14.921215 | T21: =STDEV(Q21:R21) -> 0.086240051
B26: Fibra Palma Base | F26: pH=6
Y27: 4h
B28: Tempo (min) | C28: massa de semente (g) | E28: Absorbâncias (nm) | G28: Fator diluição | I28: Ce (ppm) | K28: Média (ppm) | L28: DESV P | M28: % Remoção | O28: Média % | P28: DESV P | Q28: QE (mg/g) | S28: Média | T28: DESV P
C29: m1 | D29: m2 | E29: abs1 | F29: abs2 | G29: abs 1 dil. | H29: abs 2 dil. | I29: [ ] 1 | J29: [ ] 2 | Q29: 1 | R29: 2
B30: 0 | C30: 0.3007 | D30: 0.301 | E30: 0.677 | F30: 0.677 | G30: =E30*50 -> 33.85 | H30: =F30*50 -> 33.85 | I30: =(G30-0.0244)/0.1678 -> 201.58284 | J30: =(H30-0.0244)/0.1678 -> 201.58284 | K30: =(I30+J30)/2 -> 201.58284 | L30: =STDEV(I30:J30) -> 0 | M30: =(($U$3-I30)/$U$3)*100 -> 0 | N30: =(($U$3-J30)/$U$3)*100 -> 0 | O30: =(M30+N30)/2 -> 0 | P30: =STDEV(M30:N30) -> 0 | Q30: =(($R$3-I30)/C30)*0.0244 -> -13.610513 | R30: =(($R$3-J30)/D30)*0.0244 -> -13.596948 | S30: =(Q30+R30)/2 -> -13.60373 | T30: =STDEV(Q30:R30) -> 0.0095921122
B31: 1 | C31: 0.3007 | D31: 0.301 | E31: 0.466 | F31: 0.468 | G31: =E31*50 -> 23.3 | H31: =F31*50 -> 23.4 | I31: =(G31-0.0244)/0.1678 -> 138.71037 | J31: =(H31-0.0244)/0.1678 -> 139.30632 | K31: =(I31+J31)/2 -> 139.00834 | L31: =STDEV(I31:J31) -> 0.42139856 | M31: =(($U$3-I31)/$U$3)*100 -> 31.189395 | N31: =(($U$3-J31)/$U$3)*100 -> 30.893761 | O31: =(M31+N31)/2 -> 31.041578 | P31: =STDEV(M31:N31) -> 0.20904486 | Q31: =(($R$3-I31)/C31)*0.0244 -> -8.5087895 | R31: =(($R$3-J31)/D31)*0.0244 -> -8.5486184 | S31: =(Q31+R31)/2 -> -8.528704 | T31: =STDEV(Q31:R31) -> 0.028163249
B32: 5 | C32: 0.3007 | D32: 0.301 | E32: 0.395 | F32: 0.376 | G32: =E32*50 -> 19.75 | H32: =F32*50 -> 18.8 | I32: =(G32-0.0244)/0.1678 -> 117.55423 | J32: =(H32-0.0244)/0.1678 -> 111.89273 | K32: =(I32+J32)/2 -> 114.72348 | L32: =STDEV(I32:J32) -> 4.0032863 | M32: =(($U$3-I32)/$U$3)*100 -> 41.684405 | N32: =(($U$3-J32)/$U$3)*100 -> 44.492928 | O32: =(M32+N32)/2 -> 43.088667 | P32: =STDEV(M32:N32) -> 1.9859262 | Q32: =(($R$3-I32)/C32)*0.0244 -> -6.7920959 | R32: =(($R$3-J32)/D32)*0.0244 -> -6.3263874 | S32: =(Q32+R32)/2 -> -6.5592416 | T32: =STDEV(Q32:R32) -> 0.32930567
B33: 10 | C33: 0.3007 | D33: 0.301 | E33: 0.26 | F33: 0.195 | G33: =E33*50 -> 13 | H33: =F33*50 -> 9.75 | I33: =(G33-0.0244)/0.1678 -> 77.327771 | J33: =(H33-0.0244)/0.1678 -> 57.959476 | K33: =(I33+J33)/2 -> 67.643623 | L33: =STDEV(I33:J33) -> 13.695453 | M33: =(($U$3-I33)/$U$3)*100 -> 61.639705 | N33: =(($U$3-J33)/$U$3)*100 -> 71.247812 | O33: =(M33+N33)/2 -> 66.443759 | P33: =STDEV(M33:N33) -> 6.7939579 | Q33: =(($R$3-I33)/C33)*0.0244 -> -3.5279601 | R33: =(($R$3-J33)/D33)*0.0244 -> -1.9543894 | S33: =(Q33+R33)/2 -> -2.7411748 | T33: =STDEV(Q33:R33) -> 1.1126826
B34: 30 | C34: 0.3007 | D34: 0.301 | E34: 0.133 | F34: 0.079 | G34: =E34*50 -> 6.65 | H34: =F34*50 -> 3.95 | I34: =(G34-0.0244)/0.1678 -> 39.485101 | J34: =(H34-0.0244)/0.1678 -> 23.394517 | K34: =(I34+J34)/2 -> 31.439809 | L34: =STDEV(I34:J34) -> 11.377761 | M34: =(($U$3-I34)/$U$3)*100 -> 80.412469 | N34: =(($U$3-J34)/$U$3)*100 -> 88.394589 | O34: =(M34+N34)/2 -> 84.403529 | P34: =STDEV(M34:N34) -> 5.6442112 | Q34: =(($R$3-I34)/C34)*0.0244 -> -0.45725465 | R34: =(($R$3-J34)/D34)*0.0244 -> 0.84755408 | S34: =(Q34+R34)/2 -> 0.19514972 | T34: =STDEV(Q34:R34) -> 0.9226391
B35: 60 | C35: 0.3007 | D35: 0.301 | E35: 0.056 | F35: 0.042 | G35: =E35*50 -> 2.8 | H35: =F35*50 -> 2.1 | I35: =(G35-0.0244)/0.1678 -> 16.54112 | J35: =(H35-0.0244)/0.1678 -> 12.369487 | K35: =(I35+J35)/2 -> 14.455304 | L35: =STDEV(I35:J35) -> 2.9497899 | M35: =(($U$3-I35)/$U$3)*100 -> 91.794381 | N35: =(($U$3-J35)/$U$3)*100 -> 93.863819 | O35: =(M35+N35)/2 -> 92.8291 | P35: =STDEV(M35:N35) -> 1.463314 | Q35: =(($R$3-I35)/C35)*0.0244 -> 1.4045117 | R35: =(($R$3-J35)/D35)*0.0244 -> 1.7412774 | S35: =(Q35+R35)/2 -> 1.5728946 | T35: =STDEV(Q35:R35) -> 0.23812934
B36: 90 | C36: 0.3007 | D36: 0.301 | E36: 0.046 | F36: 0.039 | G36: =E36*50 -> 2.3 | H36: =F36*50 -> 1.95 | I36: =(G36-0.0244)/0.1678 -> 13.561383 | J36: =(H36-0.0244)/0.1678 -> 11.475566 | K36: =(I36+J36)/2 -> 12.518474 | L36: =STDEV(I36:J36) -> 1.474895 | M36: =(($U$3-I36)/$U$3)*100 -> 93.272551 | N36: =(($U$3-J36)/$U$3)*100 -> 94.30727 | O36: =(M36+N36)/2 -> 93.789911 | P36: =STDEV(M36:N36) -> 0.73165701 | Q36: =(($R$3-I36)/C36)*0.0244 -> 1.6462995 | R36: =(($R$3-J36)/D36)*0.0244 -> 1.8137415 | S36: =(Q36+R36)/2 -> 1.7300205 | T36: =STDEV(Q36:R36) -> 0.11839935
B37: 120 | C37: 0.3007 | D37: 0.301 | E37: 0.04 | F37: 0.032 | G37: =E37*50 -> 2 | H37: =F37*50 -> 1.6 | I37: =(G37-0.0244)/0.1678 -> 11.77354 | J37: =(H37-0.0244)/0.1678 -> 9.3897497 | K37: =(I37+J37)/2 -> 10.581645 | L37: =STDEV(I37:J37) -> 1.6855942 | M37: =(($U$3-I37)/$U$3)*100 -> 94.159453 | N37: =(($U$3-J37)/$U$3)*100 -> 95.341989 | O37: =(M37+N37)/2 -> 94.750721 | P37: =STDEV(M37:N37) -> 0.83617944 | Q37: =(($R$3-I37)/C37)*0.0244 -> 1.7913722 | R37: =(($R$3-J37)/D37)*0.0244 -> 1.9828243 | S37: =(Q37+R37)/2 -> 1.8870982 | T37: =STDEV(Q37:R37) -> 0.13537705
B38: 180 | C38: 0.3007 | D38: 0.301 | E38: 0.033 | F38: 0.023 | G38: =E38*50 -> 1.65 | H38: =F38*50 -> 1.15 | I38: =(G38-0.0244)/0.1678 -> 9.6877235 | J38: =(H38-0.0244)/0.1678 -> 6.7079857 | K38: =(I38+J38)/2 -> 8.1978546 | L38: =STDEV(I38:J38) -> 2.1069928 | M38: =(($U$3-I38)/$U$3)*100 -> 95.194172 | N38: =(($U$3-J38)/$U$3)*100 -> 96.672343 | O38: =(M38+N38)/2 -> 95.933258 | P38: =STDEV(M38:N38) -> 1.0452243 | Q38: =(($R$3-I38)/C38)*0.0244 -> 1.9606237 | R38: =(($R$3-J38)/D38)*0.0244 -> 2.2002164 | S38: =(Q38+R38)/2 -> 2.0804201 | T38: =STDEV(Q38:R38) -> 0.16941765
B39: 240 | C39: 0.3007 | D39: 0.301 | E39: 0.024 | F39: 0.021 | G39: =E39*50 -> 1.2 | H39: =F39*50 -> 1.05 | I39: =(G39-0.0244)/0.1678 -> 7.0059595 | J39: =(H39-0.0244)/0.1678 -> 6.1120381 | K39: =(I39+J39)/2 -> 6.5589988 | L39: =STDEV(I39:J39) -> 0.63209784 | M39: =(($U$3-I39)/$U$3)*100 -> 96.524526 | N39: =(($U$3-J39)/$U$3)*100 -> 96.967977 | O39: =(M39+N39)/2 -> 96.746251 | P39: =STDEV(M39:N39) -> 0.31356729 | Q39: =(($R$3-I39)/C39)*0.0244 -> 2.1782328 | R39: =(($R$3-J39)/D39)*0.0244 -> 2.2485258 | S39: =(Q39+R39)/2 -> 2.2133793 | T39: =STDEV(Q39:R39) -> 0.049704699
B40: 300 | C40: 0.3007 | D40: 0.301 | E40: 0.021 | F40: 0.017 | G40: =E40*50 -> 1.05 | H40: =F40*50 -> 0.85 | I40: =(G40-0.0244)/0.1678 -> 6.1120381 | J40: =(H40-0.0244)/0.1678 -> 4.920143 | K40: =(I40+J40)/2 -> 5.5160906 | L40: =STDEV(I40:J40) -> 0.84279712 | M40: =(($U$3-I40)/$U$3)*100 -> 96.967977 | N40: =(($U$3-J40)/$U$3)*100 -> 97.559245 | O40: =(M40+N40)/2 -> 97.263611 | P40: =STDEV(M40:N40) -> 0.41808972 | Q40: =(($R$3-I40)/C40)*0.0244 -> 2.2507691 | R40: =(($R$3-J40)/D40)*0.0244 -> 2.3451446 | S40: =(Q40+R40)/2 -> 2.2979568 | T40: =STDEV(Q40:R40) -> 0.06673352
B41: 360 | C41: 0.3007 | D41: 0.301 | E41: 0.022 | F41: 0.019 | G41: =E41*50 -> 1.1 | H41: =F41*50 -> 0.95 | I41: =(G41-0.0244)/0.1678 -> 6.4100119 | J41: =(H41-0.0244)/0.1678 -> 5.5160906 | K41: =(I41+J41)/2 -> 5.9630513 | L41: =STDEV(I41:J41) -> 0.63209784 | M41: =(($U$3-I41)/$U$3)*100 -> 96.82016 | N41: =(($U$3-J41)/$U$3)*100 -> 97.263611 | O41: =(M41+N41)/2 -> 97.041885 | P41: =STDEV(M41:N41) -> 0.31356729 | Q41: =(($R$3-I41)/C41)*0.0244 -> 2.2265903 | R41: =(($R$3-J41)/D41)*0.0244 -> 2.2968352 | S41: =(Q41+R41)/2 -> 2.2617128 | T41: =STDEV(Q41:R41) -> 0.049670618
B42: 480 | C42: 0.3007 | D42: 0.301 | E42: 0.021 | F42: 0.016 | G42: =E42*50 -> 1.05 | H42: =F42*50 -> 0.8 | I42: =(G42-0.0244)/0.1678 -> 6.1120381 | J42: =(H42-0.0244)/0.1678 -> 4.6221692 | K42: =(I42+J42)/2 -> 5.3671037 | L42: =STDEV(I42:J42) -> 1.0534964 | M42: =(($U$3-I42)/$U$3)*100 -> 96.967977 | N42: =(($U$3-J42)/$U$3)*100 -> 97.707062 | O42: =(M42+N42)/2 -> 97.33752 | P42: =STDEV(M42:N42) -> 0.52261215 | Q42: =(($R$3-I42)/C42)*0.0244 -> 2.2507691 | R42: =(($R$3-J42)/D42)*0.0244 -> 2.3692992 | S42: =(Q42+R42)/2 -> 2.3100342 | T42: =STDEV(Q42:R42) -> 0.083813461
B43: 1440 | C43: 0.3007 | D43: 0.301 | E43: 0.017 | F43: 0.015 | G43: =E43*50 -> 0.85 | H43: =F43*50 -> 0.75 | I43: =(G43-0.0244)/0.1678 -> 4.920143 | J43: =(H43-0.0244)/0.1678 -> 4.3241955 | K43: =(I43+J43)/2 -> 4.6221692 | L43: =STDEV(I43:J43) -> 0.42139856 | M43: =(($U$3-I43)/$U$3)*100 -> 97.559245 | N43: =(($U$3-J43)/$U$3)*100 -> 97.854879 | O43: =(M43+N43)/2 -> 97.707062 | P43: =STDEV(M43:N43) -> 0.20904486 | Q43: =(($R$3-I43)/C43)*0.001 -> 0.09620837 | R43: =(($R$3-J43)/D43)*0.001 -> 0.098092374 | S43: =(Q43+R43)/2 -> 0.097150372 | T43: =STDEV(Q43:R43) -> 0.0013321916
B48: Fibra Palma In Natura | F48: pH=10 | Y48: 8h
B50: Tempo (min) | C50: massa de semente (g) | E50: Absorbâncias (nm) | G50: Fator diluição | I50: Ce (ppm) | K50: Média (ppm) | L50: DESV P | M50: % Remoção | O50: Média % | P50: DESV P | Q50: QE (mg/g) | S50: Média | T50: DESV P
C51: m1 | D51: m2 | E51: abs1 | F51: abs2 | G51: abs 1 dil. | H51: abs 2 dil. | I51: [ ] 1 | J51: [ ] 2 | Q51: 1 | R51: 2
B52: 0 | C52: 0.6035 | D52: 0.6006 | E52: 0.677 | F52: 0.677 | G52: =E52*50 -> 33.85 | H52: =F52*50 -> 33.85 | I52: =(G52-0.0244)/0.1678 -> 201.58284 | J52: =(H52-0.0244)/0.1678 -> 201.58284 | K52: =(I52+J52)/2 -> 201.58284 | L52: =STDEV(I52:J52) -> 0 | M52: =(($U$3-I52)/$U$3)*100 -> 0 | N52: =(($U$3-J52)/$U$3)*100 -> 0 | O52: =(M52+N52)/2 -> 0 | P52: =STDEV(M52:N52) -> 0 | Q52: =(($R$3-I52)/C52)*0.0244 -> -6.7815762 | R52: =(($R$3-J52)/D52)*0.0244 -> -6.814321 | S52: =(Q52+R52)/2 -> -6.7979486 | T52: =STDEV(Q52:R52) -> 0.023154122
B53: 1 | C53: 0.6035 | D53: 0.6006 | E53: 0.561 | F53: 0.544 | G53: =E53*50 -> 28.05 | H53: =F53*50 -> 27.2 | I53: =(G53-0.0244)/0.1678 -> 167.01788 | J53: =(H53-0.0244)/0.1678 -> 161.95232 | K53: =(I53+J53)/2 -> 164.4851 | L53: =STDEV(I53:J53) -> 3.5818877 | M53: =(($U$3-I53)/$U$3)*100 -> 17.146776 | N53: =(($U$3-J53)/$U$3)*100 -> 19.659666 | O53: =(M53+N53)/2 -> 18.403221 | P53: =STDEV(M53:N53) -> 1.7768813 | Q53: =(($R$3-I53)/C53)*0.0244 -> -5.3840866 | R53: =(($R$3-J53)/D53)*0.0244 -> -5.2042902 | S53: =(Q53+R53)/2 -> -5.2941884 | T53: =STDEV(Q53:R53) -> 0.1271352
B54: 5 | C54: 0.6035 | D54: 0.6006 | E54: 0.535 | F54: 0.525 | G54: =E54*50 -> 26.75 | H54: =F54*50 -> 26.25 | I54: =(G54-0.0244)/0.1678 -> 159.27056 | J54: =(H54-0.0244)/0.1678 -> 156.29082 | K54: =(I54+J54)/2 -> 157.78069 | L54: =STDEV(I54:J54) -> 2.1069928 | M54: =(($U$3-I54)/$U$3)*100 -> 20.990019 | N54: =(($U$3-J54)/$U$3)*100 -> 22.46819 | O54: =(M54+N54)/2 -> 21.729105 | P54: =STDEV(M54:N54) -> 1.0452243 | Q54: =(($R$3-I54)/C54)*0.0244 -> -5.0708561 | R54: =(($R$3-J54)/D54)*0.0244 -> -4.9742858 | S54: =(Q54+R54)/2 -> -5.022571 | T54: =STDEV(Q54:R54) -> 0.06828551
B55: 10 | C55: 0.6035 | D55: 0.6006 | E55: 0.491 | F55: 0.464 | G55: =E55*50 -> 24.55 | H55: =F55*50 -> 23.2 | I55: =(G55-0.0244)/0.1678 -> 146.15971 | J55: =(H55-0.0244)/0.1678 -> 138.11442 | K55: =(I55+J55)/2 -> 142.13707 | L55: =STDEV(I55:J55) -> 5.6888805 | M55: =(($U$3-I55)/$U$3)*100 -> 27.493969 | N55: =(($U$3-J55)/$U$3)*100 -> 31.485029 | O55: =(M55+N55)/2 -> 29.489499 | P55: =STDEV(M55:N55) -> 2.8221056 | Q55: =(($R$3-I55)/C55)*0.0244 -> -4.5407739 | R55: =(($R$3-J55)/D55)*0.0244 -> -4.2358506 | S55: =(Q55+R55)/2 -> -4.3883122 | T55: =STDEV(Q55:R55) -> 0.21561327
B56: 30 | C56: 0.6035 | D56: 0.6006 | E56: 0.388 | F56: 0.349 | G56: =E56*50 -> 19.4 | H56: =F56*50 -> 17.45 | I56: =(G56-0.0244)/0.1678 -> 115.46841 | J56: =(H56-0.0244)/0.1678 -> 103.84744 | K56: =(I56+J56)/2 -> 109.65793 | L56: =STDEV(I56:J56) -> 8.2172719 | M56: =(($U$3-I56)/$U$3)*100 -> 42.719124 | N56: =(($U$3-J56)/$U$3)*100 -> 48.483988 | O56: =(M56+N56)/2 -> 45.601556 | P56: =STDEV(M56:N56) -> 4.0763748 | Q56: =(($R$3-I56)/C56)*0.0244 -> -3.2998995 | R56: =(($R$3-J56)/D56)*0.0244 -> -2.8437187 | S56: =(Q56+R56)/2 -> -3.0718091 | T56: =STDEV(Q56:R56) -> 0.32256848
B57: 60 | C57: 0.6035 | D57: 0.6006 | E57: 0.288 | F57: 0.243 | G57: =E57*50 -> 14.4 | H57: =F57*50 -> 12.15 | I57: =(G57-0.0244)/0.1678 -> 85.671037 | J57: =(H57-0.0244)/0.1678 -> 72.262217 | K57: =(I57+J57)/2 -> 78.966627 | L57: =STDEV(I57:J57) -> 9.4814676 | M57: =(($U$3-I57)/$U$3)*100 -> 57.500828 | N57: =(($U$3-J57)/$U$3)*100 -> 64.152594 | O57: =(M57+N57)/2 -> 60.826711 | P57: =STDEV(M57:N57) -> 4.7035093 | Q57: =(($R$3-I57)/C57)*0.0244 -> -2.095167 | R57: =(($R$3-J57)/D57)*0.0244 -> -1.5605363 | S57: =(Q57+R57)/2 -> -1.8278517 | T57: =STDEV(Q57:R57) -> 0.37804102
B58: 90 | C58: 0.6035 | D58: 0.6006 | E58: 0.241 | F58: 0.202 | G58: =E58*50 -> 12.05 | H58: =F58*50 -> 10.1 | I58: =(G58-0.0244)/0.1678 -> 71.666269 | J58: =(H58-0.0244)/0.1678 -> 60.045292 | K58: =(I58+J58)/2 -> 65.855781 | L58: =STDEV(I58:J58) -> 8.2172719 | M58: =(($U$3-I58)/$U$3)*100 -> 64.448229 | N58: =(($U$3-J58)/$U$3)*100 -> 70.213093 | O58: =(M58+N58)/2 -> 67.330661 | P58: =STDEV(M58:N58) -> 4.0763748 | Q58: =(($R$3-I58)/C58)*0.0244 -> -1.5289428 | R58: =(($R$3-J58)/D58)*0.0244 -> -1.064211 | S58: =(Q58+R58)/2 -> -1.2965769 | T58: =STDEV(Q58:R58) -> 0.328615
B59: 120 | C59: 0.6035 | D59: 0.6006 | E59: 0.197 | F59: 0.161 | G59: =E59*50 -> 9.85 | H59: =F59*50 -> 8.05 | I59: =(G59-0.0244)/0.1678 -> 58.555423 | J59: =(H59-0.0244)/0.1678 -> 47.828367 | K59: =(I59+J59)/2 -> 53.191895 | L59: =STDEV(I59:J59) -> 7.5851741 | M59: =(($U$3-I59)/$U$3)*100 -> 70.952178 | N59: =(($U$3-J59)/$U$3)*100 -> 76.273592 | O59: =(M59+N59)/2 -> 73.612885 | P59: =STDEV(M59:N59) -> 3.7628075 | Q59: =(($R$3-I59)/C59)*0.0244 -> -0.99886052 | R59: =(($R$3-J59)/D59)*0.0244 -> -0.56788571 | S59: =(Q59+R59)/2 -> -0.78337312 | T59: =STDEV(Q59:R59) -> 0.30474521
B60: 180 | C60: 0.6035 | D60: 0.6006 | E60: 0.142 | F60: 0.112 | G60: =E60*50 -> 7.1 | H60: =F60*50 -> 5.6 | I60: =(G60-0.0244)/0.1678 -> 42.166865 | J60: =(H60-0.0244)/0.1678 -> 33.227652 | K60: =(I60+J60)/2 -> 37.697259 | L60: =STDEV(I60:J60) -> 6.3209784 | M60: =(($U$3-I60)/$U$3)*100 -> 79.082115 | N60: =(($U$3-J60)/$U$3)*100 -> 83.516626 | O60: 82 | P60: =STDEV(M60:N60) -> 3.1356729 | Q60: =(($R$3-I60)/C60)*0.0244 -> -0.33625769 | R60: =(($R$3-J60)/D60)*0.0244 -> 0.025283536 | S60: =(Q60+R60)/2 -> -0.15548707 | T60: =STDEV(Q60:R60) -> 0.25564825
B61: 240 | C61: 0.6035 | D61: 0.6006 | E61: 0.119 | F61: 0.091 | G61: =E61*50 -> 5.95 | H61: =F61*50 -> 4.55 | I61: =(G61-0.0244)/0.1678 -> 35.313468 | J61: =(H61-0.0244)/0.1678 -> 26.970203 | K61: =(I61+J61)/2 -> 31.141836 | L61: =STDEV(I61:J61) -> 5.8995798 | M61: =(($U$3-I61)/$U$3)*100 -> 82.481907 | N61: =(($U$3-J61)/$U$3)*100 -> 86.620784 | O61: =(M61+N61)/2 -> 84.551346 | P61: =STDEV(M61:N61) -> 2.926628 | Q61: =(($R$3-I61)/C61)*0.0244 -> -0.059169228 | R61: =(($R$3-J61)/D61)*0.0244 -> 0.27949893 | S61: =(Q61+R61)/2 -> 0.11016485 | T61: =STDEV(Q61:R61) -> 0.23947455
B62: 300 | C62: 0.6035 | D62: 0.6006 | E62: 0.098 | F62: 0.076 | G62: =E62*50 -> 4.9 | H62: =F62*50 -> 3.8 | I62: =(G62-0.0244)/0.1678 -> 29.056019 | J62: =(H62-0.0244)/0.1678 -> 22.500596 | K62: =(I62+J62)/2 -> 25.778308 | L62: =STDEV(I62:J62) -> 4.6353841 | M62: =(($U$3-I62)/$U$3)*100 -> 85.586065 | N62: =(($U$3-J62)/$U$3)*100 -> 88.83804 | O62: =(M62+N62)/2 -> 87.212052 | P62: =STDEV(M62:N62) -> 2.2994935 | Q62: =(($R$3-I62)/C62)*0.0244 -> 0.19382458 | R62: =(($R$3-J62)/D62)*0.0244 -> 0.46108135 | S62: =(Q62+R62)/2 -> 0.32745297 | T62: =STDEV(Q62:R62) -> 0.18897907
B63: 360 | C63: 0.6035 | D63: 0.6006 | E63: 0.084 | F63: 0.059 | G63: =E63*50 -> 4.2 | H63: =F63*50 -> 2.95 | I63: =(G63-0.0244)/0.1678 -> 24.884386 | J63: =(H63-0.0244)/0.1678 -> 17.435042 | K63: =(I63+J63)/2 -> 21.159714 | L63: =STDEV(I63:J63) -> 5.267482 | M63: =(($U$3-I63)/$U$3)*100 -> 87.655504 | N63: =(($U$3-J63)/$U$3)*100 -> 91.350929 | O63: =(M63+N63)/2 -> 89.503216 | P63: =STDEV(M63:N63) -> 2.6130607 | Q63: =(($R$3-I63)/C63)*0.0244 -> 0.36248712 | R63: =(($R$3-J63)/D63)*0.0244 -> 0.66687476 | S63: =(Q63+R63)/2 -> 0.51468094 | T63: =STDEV(Q63:R63) -> 0.21523457
B64: 480 | C64: 0.6035 | D64: 0.6006 | E64: 0.066 | F64: 0.055 | G64: =E64*50 -> 3.3 | H64: =F64*50 -> 2.75 | I64: =(G64-0.0244)/0.1678 -> 19.520858 | J64: =(H64-0.0244)/0.1678 -> 16.243147 | K64: =(I64+J64)/2 -> 17.882002 | L64: =STDEV(I64:J64) -> 2.3176921 | M64: =(($U$3-I64)/$U$3)*100 -> 90.31621 | N64: =(($U$3-J64)/$U$3)*100 -> 91.942198 | O64: =(M64+N64)/2 -> 91.129204 | P64: =STDEV(M64:N64) -> 1.1497467 | Q64: =(($R$3-I64)/C64)*0.0244 -> 0.57933896 | R64: =(($R$3-J64)/D64)*0.0244 -> 0.71529674 | S64: =(Q64+R64)/2 -> 0.64731785 | T64: =STDEV(Q64:R64) -> 0.096136671
B65: 1440 | C65: 0.6035 | D65: 0.6006 | E65: 0.045 | F65: 0.047 | G65: =E65*50 -> 2.25 | H65: =F65*50 -> 2.35 | I65: =(G65-0.0244)/0.1678 -> 13.263409 | J65: =(H65-0.0244)/0.1678 -> 13.859356 | K65: =(I65+J65)/2 -> 13.561383 | L65: =STDEV(I65:J65) -> 0.42139856 | M65: =(($U$3-I65)/$U$3)*100 -> 93.420368 | N65: =(($U$3-J65)/$U$3)*100 -> 93.124734 | O65: =(M65+N65)/2 -> 93.272551 | P65: =STDEV(M65:N65) -> 0.20904486 | Q65: =(($R$3-I65)/C65)*0.0244 -> 0.83233277 | R65: =(($R$3-J65)/D65)*0.0244 -> 0.8121407 | S65: =(Q65+R65)/2 -> 0.82223673 | T65: =STDEV(Q65:R65) -> 0.014277947

Sheet Conc. e temp PALMA
J1: ph 7 | O1: ph 10 | T1: ph 10
G2: ABS | H2: ABS*VOL | I2: C. Teorica | J2: C. Real | L2: ABS | M2: ABS*VOL | N2: C. Teorica | O2: C. Real | Q2: ABS | R2: ABS*VOL | S2: C. Teorica | T2: C. Real | U2: C. Teorica | V2: média C
G3: 0.292 | H3: =G3*50 -> 14.6 | I3: 100 | J3: =(H3-0.0244)/0.1678 -> 86.862932 | L3: 0.309 | M3: =L3*50 -> 15.45 | N3: 100 | O3: =(M3-0.0244)/0.1678 -> 91.928486 | Q3: 0.312 | R3: =Q3*50 -> 15.6 | S3: 100 | T3: =(R3-0.0244)/0.1678 -> 92.822408 | U3: 100 | V3: =AVERAGE(J3,O3,T3) -> 90.537942
B4: Isotermas | G4: 0.657 | H4: =G4*50 -> 32.85 | I4: 200 | J4: =(H4-0.0244)/0.1678 -> 195.62336 | L4: 0.668 | M4: =L4*50 -> 33.4 | N4: 200 | O4: =(M4-0.0244)/0.1678 -> 198.90107 | Q4: 0.672 | R4: =Q4*50 -> 33.6 | S4: 200 | T4: =(R4-0.0244)/0.1678 -> 200.09297 | U4: 200 | V4: =AVERAGE(J4,O4,T4) -> 198.2058
G5: 0.875 | H5: =G5*50 -> 43.75 | I5: 300 | J5: =(H5-0.0244)/0.1678 -> 260.58164 | L5: 0.953 | M5: =L5*50 -> 47.65 | N5: 300 | O5: =(M5-0.0244)/0.1678 -> 283.8236 | Q5: 0.916 | R5: =Q5*50 -> 45.8 | S5: 300 | T5: =(R5-0.0244)/0.1678 -> 272.79857 | U5: 300 | V5: =AVERAGE(J5,O5,T5) -> 272.40127
G6: 1.19 | H6: =G6*50 -> 59.5 | I6: 400 | J6: =(H6-0.0244)/0.1678 -> 354.44338 | L6: 1.154 | M6: =L6*50 -> 57.7 | N6: 400 | O6: =(M6-0.0244)/0.1678 -> 343.71633 | Q6: 1.325 | R6: =Q6*50 -> 66.25 | S6: 400 | T6: =(R6-0.0244)/0.1678 -> 394.66985 | U6: 400 | V6: =AVERAGE(J6,O6,T6) -> 364.27652
B11: 15 ºC | L11: Y=0,1678x+0,0244
B12: Fibra da Palma tratada com Base (NaOH)
B14: Concentrações | C14: massa de semente (g) | E14: Absorbâncias (nm) | G14: Fator diluição | I14: Ce (ppm) | K14: Ce Média (ppm) | L14: % Remoção | N14: Média % | O14: Desv P | P14: QE (mg/g) | R14: Qe Média | S14: Desv P
B15: 100 | C15: 0.1 | D15: 0.1 | E15: 0.002 | F15: 0.003 | G15: =E15*50 -> 0.1 | H15: =F15*50 -> 0.15 | I15: 1.01 | J15: 1.01 | K15: =(I15+J15)/2 -> 1.01 | L15: =(($V$3-I15)/$V$3)*100 -> 98.884446 | M15: =(($V$3-J15)/$V$3)*100 -> 98.884446 | N15: =(L15+M15)/2 -> 98.884446 | O15: =STDEV(L15:M15) -> 0 | P15: =(($V$3-I15)/C15)*0.02 -> 17.905588 | Q15: =(($V$3-J15)/D15)*0.02 -> 17.905588 | R15: =(P15+Q15)/2 -> 17.905588 | S15: =STDEV(P15:Q15) -> 0
B16: 200 | C16: 0.1 | D16: 0.1 | E16: 0.013 | F16: 0.017 | G16: =E16*50 -> 0.65 | H16: =F16*50 -> 0.85 | I16: =(G16-0.0244)/0.1678 -> 3.7282479 | J16: =(H16-0.0244)/0.1678 -> 4.920143 | K16: =(I16+J16)/2 -> 4.3241955 | L16: =(($V$4-I16)/$V$4)*100 -> 98.119002 | M16: =(($V$4-J16)/$V$4)*100 -> 97.517659 | N16: =(L16+M16)/2 -> 97.818331 | O16: =STDEV(L16:M16) -> 0.42521314 | P16: =(($V$4-I16)/C16)*0.02 -> 38.895511 | Q16: =(($V$4-J16)/D16)*0.02 -> 38.657132 | R16: =(P16+Q16)/2 -> 38.776321 | S16: =STDEV(P16:Q16) -> 0.16855942
B17: 300 | C17: 0.1 | D17: 0.1 | E17: 0.105 | F17: 0.113 | G17: =E17*50 -> 5.25 | H17: =F17*50 -> 5.65 | I17: =(G17-0.0244)/0.1678 -> 31.141836 | J17: =(H17-0.0244)/0.1678 -> 33.525626 | K17: =(I17+J17)/2 -> 32.333731 | L17: =(($V$5-I17)/$V$5)*100 -> 88.567661 | M17: =(($V$5-J17)/$V$5)*100 -> 87.692559 | N17: =(L17+M17)/2 -> 88.13011 | O17: =STDEV(L17:M17) -> 0.61879088 | P17: =(($V$5-I17)/C17)*0.02 -> 48.251887 | Q17: =(($V$5-J17)/D17)*0.02 -> 47.775129 | R17: =(P17+Q17)/2 -> 48.013508 | S17: =STDEV(P17:Q17) -> 0.33711885
B18: 400 | C18: 0.1 | D18: 0.1 | E18: 0.226 | F18: 0.138 | G18: =E18*50 -> 11.3 | H18: =F18*50 -> 6.9 | I18: =(G18-0.0244)/0.1678 -> 67.196663 | J18: =(H18-0.0244)/0.1678 -> 40.97497 | K18: =(I18+J18)/2 -> 54.085816 | L18: =(($V$6-I18)/$V$6)*100 -> 81.553392 | M18: =(($V$6-J18)/$V$6)*100 -> 88.751685 | N18: =(L18+M18)/2 -> 85.152538 | O18: =STDEV(L18:M18) -> 5.089962 | P18: =(($V$6-I18)/C18)*0.02 -> 59.415971 | Q18: =(($V$6-J18)/D18)*0.02 -> 64.66031 | R18: =(P18+Q18)/2 -> 62.038141 | S18: =STDEV(P18:Q18) -> 3.7083073
B21: 15 ºC
B22: Fibra da Palma tratada com Ácido (H3PO4)
B24: Concentrações | C24: massa de semente (g) | E24: Absorbâncias (nm) | G24: Fator diluição | I24: Ce (ppm) | K24: Média (ppm) | L24: % Remoção | N24: Média % | O24: Desv P | P24: QE (mg/g) | R24: Média | S24: Desv P
B25: 100 | C25: 0.1 | D25: 0.1 | E25: 0.013 | F25: 0.011 | G25: =E25*50 -> 0.65 | H25: =F25*50 -> 0.55 | I25: =(G25-0.0244)/0.1678 -> 3.7282479 | J25: =(H25-0.0244)/0.1678 -> 3.1323004 | K25: =(I25+J25)/2 -> 3.4302741 | L25: =(($V$3-I25)/$V$3)*100 -> 95.882115 | M25: =(($V$3-J25)/$V$3)*100 -> 96.540345 | N25: =(L25+M25)/2 -> 96.21123 | O25: =STDEV(L25:M25) -> 0.46543863 | P25: =(($V$3-I25)/C25)*0.02 -> 17.361939 | Q25: =(($V$3-J25)/D25)*0.02 -> 17.481128 | R25: =(P25+Q25)/2 -> 17.421534 | S25: =STDEV(P25:Q25) -> 0.084279712
B26: 200 | C26: 0.1 | D26: 0.1 | E26: 0.247 | F26: 0.276 | G26: =E26*50 -> 12.35 | H26: =F26*50 -> 13.8 | I26: =(G26-0.0244)/0.1678 -> 73.454112 | J26: =(H26-0.0244)/0.1678 -> 82.095352 | K26: =(I26+J26)/2 -> 77.774732 | L26: =(($V$4-I26)/$V$4)*100 -> 62.940483 | M26: =(($V$4-J26)/$V$4)*100 -> 58.580752 | N26: =(L26+M26)/2 -> 60.760618 | O26: =STDEV(L26:M26) -> 3.0827953 | P26: =(($V$4-I26)/C26)*0.02 -> 24.950338 | Q26: =(($V$4-J26)/D26)*0.02 -> 23.22209 | R26: =(P26+Q26)/2 -> 24.086214 | S26: =STDEV(P26:Q26) -> 1.2220558
B27: 300 | C27: 0.1 | D27: 0.1 | E27: 0.444 | F27: 0.418 | G27: =E27*50 -> 22.2 | H27: =F27*50 -> 20.9 | I27: =(G27-0.0244)/0.1678 -> 132.15495 | J27: =(H27-0.0244)/0.1678 -> 124.40763 | K27: =(I27+J27)/2 -> 128.28129 | L27: =(($V$5-I27)/$V$5)*100 -> 51.485195 | M27: =(($V$5-J27)/$V$5)*100 -> 54.329278 | N27: =(L27+M27)/2 -> 52.907236 | O27: =STDEV(L27:M27) -> 2.0110704 | P27: =(($V$5-I27)/C27)*0.02 -> 28.049265 | Q27: =(($V$5-J27)/D27)*0.02 -> 29.598729 | R27: =(P27+Q27)/2 -> 28.823997 | S27: =STDEV(P27:Q27) -> 1.0956363
B28: 400 | C28: 0.1 | D28: 0.1 | E28: 0.754 | F28: 0.733 | G28: =E28*50 -> 37.7 | H28: =F28*50 -> 36.65 | I28: 200 | J28: 200 | K28: =(I28+J28)/2 -> 200 | L28: =(($V$6-I28)/$V$6)*100 -> 45.096653 | M28: =(($V$6-J28)/$V$6)*100 -> 45.096653 | N28: =(L28+M28)/2 -> 45.096653 | O28: =STDEV(L28:M28) -> 0 | P28: =(($V$6-I28)/C28)*0.02 -> 32.855304 | Q28: =(($V$6-J28)/D28)*0.02 -> 32.855304 | R28: =(P28+Q28)/2 -> 32.855304 | S28: =STDEV(P28:Q28) -> 0
B32: 15 ºC
B33: Fibra da Palma In Natura
B35: Concentrações | C35: massa de semente (g) | E35: Absorbâncias (nm) | G35: Fator diluição | I35: Ce (ppm) | K35: Média (ppm) | L35: % Remoção | N35: Média % | O35: Desv P | P35: QE (mg/g) | R35: Média | S35: Desv P
B36: 100 | C36: 0.1 | D36: 0.1 | E36: 0.051 | F36: 0.047 | G36: =E36*50 -> 2.55 | H36: =F36*50 -> 2.35 | I36: =(G36-0.0244)/0.1678 -> 15.051251 | J36: =(H36-0.0244)/0.1678 -> 13.859356 | K36: =(I36+J36)/2 -> 14.455304 | L36: =(($V$3-I36)/$V$3)*100 -> 83.375753 | M36: =(($V$3-J36)/$V$3)*100 -> 84.692212 | N36: =(L36+M36)/2 -> 84.033982 | O36: =STDEV(L36:M36) -> 0.93087726 | P36: =(($V$3-I36)/C36)*0.02 -> 15.097338 | Q36: =(($V$3-J36)/D36)*0.02 -> 15.335717 | R36: =(P36+Q36)/2 -> 15.216528 | S36: =STDEV(P36:Q36) -> 0.16855942
B37: 200 | C37: 0.1 | D37: 0.1 | E37: 0.255 | F37: 0.264 | G37: =E37*50 -> 12.75 | H37: =F37*50 -> 13.2 | I37: =(G37-0.0244)/0.1678 -> 75.837902 | J37: =(H37-0.0244)/0.1678 -> 78.519666 | K37: =(I37+J37)/2 -> 77.178784 | L37: =(($V$4-I37)/$V$4)*100 -> 61.737799 | M37: =(($V$4-J37)/$V$4)*100 -> 60.384779 | N37: =(L37+M37)/2 -> 61.061289 | O37: =STDEV(L37:M37) -> 0.95672957 | P37: =(($V$4-I37)/C37)*0.02 -> 24.47358 | Q37: =(($V$4-J37)/D37)*0.02 -> 23.937227 | R37: =(P37+Q37)/2 -> 24.205403 | S37: =STDEV(P37:Q37) -> 0.3792587
B38: 300 | C38: 0.1 | D38: 0.1 | E38: 0.505 | F38: 0.504 | G38: =E38*50 -> 25.25 | H38: =F38*50 -> 25.2 | I38: =(G38-0.0244)/0.1678 -> 150.33135 | J38: =(H38-0.0244)/0.1678 -> 150.03337 | K38: =(I38+J38)/2 -> 150.18236 | L38: =(($V$5-I38)/$V$5)*100 -> 44.812538 | M38: =(($V$5-J38)/$V$5)*100 -> 44.921926 | N38: =(L38+M38)/2 -> 44.867232 | O38: =STDEV(L38:M38) -> 0.07734886 | P38: =(($V$5-I38)/C38)*0.02 -> 24.413985 | Q38: =(($V$5-J38)/D38)*0.02 -> 24.47358 | R38: =(P38+Q38)/2 -> 24.443782 | S38: =STDEV(P38:Q38) -> 0.042139856
B39: 400 | C39: 0.1 | D39: 0.1 | E39: 0.794 | F39: 0.819 | G39: =E39*50 -> 39.7 | H39: =F39*50 -> 40.95 | I39: =(G39-0.0244)/0.1678 -> 236.44577 | J39: =(H39-0.0244)/0.1678 -> 243.89511 | K39: =(I39+J39)/2 -> 240.17044 | L39: =(($V$6-I39)/$V$6)*100 -> 35.09168 | M39: =(($V$6-J39)/$V$6)*100 -> 33.04671 | N39: =(L39+M39)/2 -> 34.069195 | O39: =STDEV(L39:M39) -> 1.4460119 | P39: =(($V$6-I39)/C39)*0.02 -> 25.56615 | Q39: =(($V$6-J39)/D39)*0.02 -> 24.076281 | R39: =(P39+Q39)/2 -> 24.821216 | S39: =STDEV(P39:Q39) -> 1.0534964
B41: 30 ºC
B42: Fibra da Palma In Natura
B44: Concentrações | C44: massa de semente (g) | E44: Absorbâncias (nm) | G44: Fator diluição | I44: Ce (ppm) | K44: Média (ppm) | L44: % Remoção | N44: Média % | O44: Desv P | P44: QE (mg/g) | R44: Média | S44: Desv P
B45: 100 | C45: 0.1 | D45: 0.1 | E45: 0.008 | F45: 0.005 | G45: =E45*50 -> 0.4 | H45: =F45*50 -> 0.25 | I45: =(G45-0.0244)/0.1678 -> 2.238379 | J45: =(H45-0.0244)/0.1678 -> 1.3444577 | K45: 5.7914184 | L45: =(($V$3-I45)/$V$3)*100 -> 97.52769 | M45: =(($V$3-J45)/$V$3)*100 -> 98.515034 | N45: =(L45+M45)/2 -> 98.021362 | O45: =STDEV(L45:M45) -> 0.69815795 | P45: =(($V$3-K45)/C45)*0.02 -> 16.949305 | Q45: =(($V$3-J45)/D45)*0.02 -> 17.838697 | R45: =(P45+Q45)/2 -> 17.394001 | S45: =STDEV(P45:Q45) -> 0.62889521
B46: 200 | C46: 0.1 | D46: 0.1 | E46: 0.083 | F46: 0.046 | G46: =E46*50 -> 4.15 | H46: =F46*50 -> 2.3 | I46: =(G46-0.0244)/0.1678 -> 24.586412 | J46: =(H46-0.0244)/0.1678 -> 13.561383 | K46: 19.073897 | L46: =(($V$4-I46)/$V$4)*100 -> 87.595513 | M46: =(($V$4-J46)/$V$4)*100 -> 93.157928 | N46: =(L46+M46)/2 -> 90.376721 | O46: =STDEV(L46:M46) -> 3.9332216 | P46: =(($V$4-K46)/C46)*0.02 -> 35.826381 | Q46: =(($V$4-J46)/D46)*0.02 -> 36.928884 | R46: =(P46+Q46)/2 -> 36.377632 | S46: =STDEV(P46:Q46) -> 0.77958733
B47: 300 | C47: 0.1 | D47: 0.1 | E47: 0.345 | F47: 0.422 | G47: =E47*50 -> 17.25 | H47: =F47*50 -> 21.1 | I47: =(G47-0.0244)/0.1678 -> 102.65554 | J47: =(H47-0.0244)/0.1678 -> 125.59952 | K47: 111.12753 | L47: =(($V$5-I47)/$V$5)*100 -> 62.314588 | M47: =(($V$5-J47)/$V$5)*100 -> 53.891726 | N47: =(L47+M47)/2 -> 58.103157 | O47: =STDEV(L47:M47) -> 5.9558623 | P47: =(($V$5-K47)/C47)*0.02 -> 32.254748 | Q47: =(($V$5-J47)/D47)*0.02 -> 29.36035 | R47: =(P47+Q47)/2 -> 30.807549 | S47: =STDEV(P47:Q47) -> 2.0466485
B48: 400 | C48: 0.1 | D48: 0.1 | E48: 0.882 | F48: 0.718 | G48: =E48*50 -> 44.1 | H48: =F48*50 -> 35.9 | I48: =(G48-0.0244)/0.1678 -> 262.66746 | J48: =(H48-0.0244)/0.1678 -> 213.79976 | K48: 150 | L48: =(($V$6-I48)/$V$6)*100 -> 27.893387 | M48: =(($V$6-J48)/$V$6)*100 -> 41.308388 | N48: =(L48+M48)/2 -> 34.600887 | O48: =STDEV(L48:M48) -> 9.4858383 | P48: =(($V$6-K48)/C48)*0.02 -> 42.855304 | Q48: =(($V$6-J48)/D48)*0.02 -> 30.095352 | R48: =(P48+Q48)/2 -> 36.475328 | S48: =STDEV(P48:Q48) -> 9.0226488
B50: 30 ºC
B51: Fibra da Palma Base
B52: Concentrações | C52: massa de semente (g) | E52: Absorbâncias (nm) | G52: Fator diluição | I52: Ce (ppm) | K52: Média (ppm) | L52: % Remoção | N52: Média % | O52: Desv P | P52: QE (mg/g) | R52: Média | S52: Desv P
B53: 100 | C53: 0.1 | D53: 0.1 | E53: 0.004 | F53: 0.002 | G53: =E53*50 -> 0.2 | H53: =F53*50 -> 0.1 | I53: =(G53-0.0244)/0.1678 -> 1.0464839 | J53: 1.05 | K53: =(I53+J53)/2 -> 1.048242 | L53: =(($V$3-I53)/$V$3)*100 -> 98.844149 | M53: =(($V$3-J53)/$V$3)*100 -> 98.840265 | N53: =(L53+M53)/2 -> 98.842207 | O53: =STDEV(L53:M53) -> 0.0027460879 | P53: =(($V$3-K53)/C53)*0.02 -> 17.89794 | Q53: =(($V$3-J53)/D53)*0.02 -> 17.897588 | R53: =(P53+Q53)/2 -> 17.897764 | S53: =STDEV(P53:Q53) -> 0.00024862515
B54: 200 | C54: 0.1 | D54: 0.1 | E54: 0.018 | F54: 0.022 | G54: =E54*50 -> 0.9 | H54: =F54*50 -> 1.1 | I54: =(G54-0.0244)/0.1678 -> 5.2181168 | J54: =(H54-0.0244)/0.1678 -> 6.4100119 | K54: =(I54+J54)/2 -> 5.8140644 | L54: =(($V$4-I54)/$V$4)*100 -> 97.367324 | M54: =(($V$4-J54)/$V$4)*100 -> 96.765982 | N54: =(L54+M54)/2 -> 97.066653 | O54: =STDEV(L54:M54) -> 0.42521314 | P54: =(($V$4-I54)/C54)*0.02 -> 38.597537 | Q54: =(($V$4-J54)/D54)*0.02 -> 38.359158 | R54: =(P54+Q54)/2 -> 38.478347 | S54: =STDEV(P54:Q54) -> 0.16855942
B55: 300 | C55: 0.1 | D55: 0.1 | E55: 0.087 | F55: 0.093 | G55: =E55*50 -> 4.35 | H55: =F55*50 -> 4.65 | I55: =(G55-0.0244)/0.1678 -> 25.778308 | J55: =(H55-0.0244)/0.1678 -> 27.56615 | K55: =(I55+J55)/2 -> 26.672229 | L55: =(($V$5-I55)/$V$5)*100 -> 90.536642 | M55: =(($V$5-J55)/$V$5)*100 -> 89.880315 | N55: =(L55+M55)/2 -> 90.208479 | O55: =STDEV(L55:M55) -> 0.46409316 | P55: =(($V$5-I55)/C55)*0.02 -> 49.324593 | Q55: =(($V$5-J55)/D55)*0.02 -> 48.967024 | R55: =(P55+Q55)/2 -> 49.145809 | S55: =STDEV(P55:Q55) -> 0.25283914
B56: 400 | C56: 0.1 | D56: 0.1 | E56: 0.2 | F56: 0.218 | G56: =E56*50 -> 10 | H56: =F56*50 -> 10.9 | I56: 32 | J56: 32 | K56: =AVERAGE(I56:J56) -> 32 | L56: =(($V$6-I56)/$V$6)*100 -> 91.215465 | M56: =(($V$6-J56)/$V$6)*100 -> 91.215465 | N56: =(L56+M56)/2 -> 91.215465 | O56: =STDEV(L56:M56) -> 0 | P56: =(($V$6-I56)/C56)*0.02 -> 66.455304 | Q56: =(($V$6-J56)/D56)*0.02 -> 66.455304 | R56: =(P56+Q56)/2 -> 66.455304 | S56: =STDEV(P56:Q56) -> 0
B58: 30 ºC
B59: Fibra da Palma Ácido
B60: Concentrações | C60: massa de semente (g) | E60: Absorbâncias (nm) | G60: Fator diluição | I60: Ce (ppm) | K60: Média (ppm) | L60: % Remoção | N60: Média % | O60: Desv P | P60: QE (mg/g) | R60: Média | S60: Desv P
B61: 100 | C61: 0.1 | D61: 0.1 | E61: 0.004 | F61: 0.001 | G61: =E61*50 -> 0.2 | H61: =F61*50 -> 0.05 | I61: =(G61-0.0244)/0.1678 -> 1.0464839 | J61: 1.01 | K61: =(I61+J61)/2 -> 1.028242 | L61: =(($V$3-I61)/$V$3)*100 -> 98.844149 | M61: =(($V$3-J61)/$V$3)*100 -> 98.884446 | N61: =(L61+M61)/2 -> 98.864297 | O61: =STDEV(L61:M61) -> 0.028494153 | P61: =(($V$3-I61)/C61)*0.02 -> 17.898292 | Q61: =(($V$3-J61)/D61)*0.02 -> 17.905588 | R61: =(P61+Q61)/2 -> 17.90194 | S61: =STDEV(P61:Q61) -> 0.005159604
B62: 200 | C62: 0.1 | D62: 0.1 | E62: 0.065 | F62: 0.046 | G62: =E62*50 -> 3.25 | H62: =F62*50 -> 2.3 | I62: =(G62-0.0244)/0.1678 -> 19.222884 | J62: =(H62-0.0244)/0.1678 -> 13.561383 | K62: =(I62+J62)/2 -> 16.392133 | L62: =(($V$4-I62)/$V$4)*100 -> 90.301553 | M62: =(($V$4-J62)/$V$4)*100 -> 93.157928 | N62: =(L62+M62)/2 -> 91.729741 | O62: =STDEV(L62:M62) -> 2.0197624 | P62: =(($V$4-I62)/C62)*0.02 -> 35.796583 | Q62: =(($V$4-J62)/D62)*0.02 -> 36.928884 | R62: =(P62+Q62)/2 -> 36.362733 | S62: =STDEV(P62:Q62) -> 0.80065726
B63: 300 | C63: 0.1 | D63: 0.1 | E63: 0.208 | F63: 0.207 | G63: =E63*50 -> 10.4 | H63: =F63*50 -> 10.35 | I63: =(G63-0.0244)/0.1678 -> 61.833135 | J63: =(H63-0.0244)/0.1678 -> 61.535161 | K63: =(I63+J63)/2 -> 61.684148 | L63: =(($V$5-I63)/$V$5)*100 -> 77.300717 | M63: =(($V$5-J63)/$V$5)*100 -> 77.410105 | N63: =(L63+M63)/2 -> 77.355411 | O63: =STDEV(L63:M63) -> 0.07734886 | P63: =(($V$5-I63)/C63)*0.02 -> 42.113627 | Q63: =(($V$5-J63)/D63)*0.02 -> 42.173222 | R63: =(P63+Q63)/2 -> 42.143425 | S63: =STDEV(P63:Q63) -> 0.042139856
B64: 400 | C64: 0.1 | D64: 0.1 | E64: 0.485 | F64: 0.484 | G64: =E64*50 -> 24.25 | H64: =F64*50 -> 24.2 | I64: =(G64-0.0244)/0.1678 -> 144.37187 | J64: =(H64-0.0244)/0.1678 -> 144.0739 | K64: =(I64+J64)/2 -> 144.22288 | L64: =(($V$6-I64)/$V$6)*100 -> 60.367506 | M64: =(($V$6-J64)/$V$6)*100 -> 60.449304 | N64: =(L64+M64)/2 -> 60.408405 | O64: =STDEV(L64:M64) -> 0.057840478 | P64: =(($V$6-I64)/C64)*0.02 -> 43.98093 | Q64: =(($V$6-J64)/D64)*0.02 -> 44.040524 | R64: =(P64+Q64)/2 -> 44.010727 | S64: =STDEV(P64:Q64) -> 0.042139856
B69: 45 ºC
B70: Fibra da Palma In Natura
B72: Concentrações | C72: massa de semente (g) | E72: Absorbâncias (nm) | G72: Fator diluição | I72: Ce (ppm) | K72: Média (ppm) | L72: % Remoção | N72: Média % | O72: Desv P | P72: QE (mg/g) | R72: Média | S72: Desv P
B73: 100 | C73: 0.1 | D73: 0.1 | E73: 0.01 | F73: 0.014 | G73: =E73*50 -> 0.5 | H73: =F73*50 -> 0.7 | I73: =(G73-0.0244)/0.1678 -> 2.8343266 | J73: =(H73-0.0244)/0.1678 -> 4.0262217 | K73: =(I73+J73)/2 -> 3.4302741 | L73: =(($V$3-I73)/$V$3)*100 -> 96.86946 | M73: =(($V$3-J73)/$V$3)*100 -> 95.553001 | N73: =(L73+M73)/2 -> 96.21123 | O73: =STDEV(L73:M73) -> 0.93087726 | P73: =(($V$3-I73)/C73)*0.02 -> 17.540723 | Q73: =(($V$3-J73)/D73)*0.02 -> 17.302344 | R73: =(P73+Q73)/2 -> 17.421534 | S73: =STDEV(P73:Q73) -> 0.16855942
B74: 200 | C74: 0.1 | D74: 0.1 | E74: 0.247 | F74: 0.283 | G74: =E74*50 -> 12.35 | H74: =F74*50 -> 14.15 | I74: =(G74-0.0244)/0.1678 -> 73.454112 | J74: =(H74-0.0244)/0.1678 -> 84.181168 | K74: =(I74+J74)/2 -> 78.81764 | L74: =(($V$4-I74)/$V$4)*100 -> 62.940483 | M74: =(($V$4-J74)/$V$4)*100 -> 57.528403 | N74: =(L74+M74)/2 -> 60.234443 | O74: =STDEV(L74:M74) -> 3.8269183 | P74: =(($V$4-I74)/C74)*0.02 -> 24.950338 | Q74: =(($V$4-J74)/D74)*0.02 -> 22.804927 | R74: =(P74+Q74)/2 -> 23.877632 | S74: =STDEV(P74:Q74) -> 1.5170348
B75: 300 | C75: 0.1 | D75: 0.1 | E75: 0.513 | F75: 0.488 | G75: =E75*50 -> 25.65 | H75: =F75*50 -> 24.4 | I75: =(G75-0.0244)/0.1678 -> 152.71514 | J75: =(H75-0.0244)/0.1678 -> 145.26579 | K75: =(I75+J75)/2 -> 148.99046 | L75: =(($V$5-I75)/$V$5)*100 -> 43.937436 | M75: =(($V$5-J75)/$V$5)*100 -> 46.672131 | N75: =(L75+M76)/2 -> 38.246677 | O75: =STDEV(L75:M75) -> 1.9337215 | P75: =(($V$5-I75)/C75)*0.02 -> 23.937227 | Q75: =(($V$5-J75)/D75)*0.02 -> 25.427096 | R75: =(P75+Q75)/2 -> 24.682161 | S75: =STDEV(P75:Q75) -> 1.0534964
B76: 400 | C76: 0.1 | D76: 0.1 | E76: 0.853 | F76: 0.825 | G76: =E76*50 -> 42.65 | H76: =F76*50 -> 41.25 | I76: =(G76-0.0244)/0.1678 -> 254.02622 | J76: =(H76-0.0244)/0.1678 -> 245.68296 | K76: =(I76+J76)/2 -> 249.85459 | L76: =(($V$6-I76)/$V$6)*100 -> 30.265552 | M76: =(($V$6-J76)/$V$6)*100 -> 32.555918 | N76: =(L76+M77)/2 -> 15.132776 | O76: =STDEV(L76:M76) -> 1.6195334 | P76: =(($V$6-I76)/C76)*0.02 -> 22.05006 | Q76: =(($V$6-J76)/D76)*0.02 -> 23.718713 | R76: =(P76+Q76)/2 -> 22.884386 | S76: =STDEV(P76:Q76) -> 1.179916
K77: estava sem formula
B78: 45 ºC
B79: Fibra da Palma Base
B80: Concentrações | C80: massa de semente (g) | E80: Absorbâncias (nm) | G80: Fator diluição | I80: Ce (ppm) | K80: Média (ppm) | L80: % Remoção | N80: Média % | O80: Desv P | P80: QE (mg/g) | R80: Média | S80: Desv P
B81: 100 | C81: 0.1 | D81: 0.1 | E81: 0.004 | F81: 0.009 | G81: =E81*50 -> 0.2 | H81: =F81*50 -> 0.45 | I81: =(G81-0.0244)/0.1678 -> 1.0464839 | J81: =(H81-0.0244)/0.1678 -> 2.5363528 | K81: =(I81+J81)/2 -> 1.7914184 | L81: =(($V$3-I81)/$V$3)*100 -> 98.844149 | M81: =(($V$3-J81)/$V$3)*100 -> 97.198575 | N81: =(L81+M81)/2 -> 98.021362 | O81: =STDEV(L81:M81) -> 1.1635966 | P81: =(($V$3-I81)/C81)*0.02 -> 17.898292 | Q81: =(($V$3-J81)/D81)*0.02 -> 17.600318 | R81: =(P81+Q81)/2 -> 17.749305 | S81: =STDEV(P81:Q81) -> 0.21069928
B82: 200 | C82: 0.1 | D82: 0.1 | E82: 0.012 | F82: 0.018 | G82: =E82*50 -> 0.6 | H82: =F82*50 -> 0.9 | I82: =(G82-0.0244)/0.1678 -> 3.4302741 | J82: =(H82-0.0244)/0.1678 -> 5.2181168 | K82: =(I82+J82)/2 -> 4.3241955 | L82: =(($V$4-I82)/$V$4)*100 -> 98.269337 | M82: =(($V$4-J82)/$V$4)*100 -> 97.367324 | N82: =(L82+M82)/2 -> 97.818331 | O82: =STDEV(L82:M82) -> 0.63781972 | P82: =(($V$4-I82)/C82)*0.02 -> 38.955105 | Q82: =(($V$4-J82)/D82)*0.02 -> 38.597537 | R82: =(P82+Q82)/2 -> 38.776321 | S82: =STDEV(P82:Q82) -> 0.25283914
B83: 300 | C83: 0.1 | D83: 0.1 | E83: 0.08 | F83: 0.071 | G83: =E83*50 -> 4 | H83: =F83*50 -> 3.55 | I83: =(G83-0.0244)/0.1678 -> 23.692491 | J83: =(H83-0.0244)/0.1678 -> 21.010727 | K83: =(I83+J83)/2 -> 22.351609 | L83: =(($V$5-I83)/$V$5)*100 -> 91.302357 | M83: =(($V$5-J83)/$V$5)*100 -> 92.286847 | N83: =(L83+M83)/2 -> 91.794602 | O83: =STDEV(L83:M83) -> 0.69613974 | P83: =(($V$5-I83)/C83)*0.02 -> 49.741756 | Q83: =(($V$5-J83)/D83)*0.02 -> 50.278109 | R83: =(P83+Q83)/2 -> 50.009932 | S83: =STDEV(P83:Q83) -> 0.3792587
B84: 400 | C84: 0.1 | D84: 0.1 | E84: 0.25 | F84: 0.267 | G84: =E84*50 -> 12.5 | H84: =F84*50 -> 13.35 | I84: =(G84-0.0244)/0.1678 -> 74.348033 | J84: =(H84-0.0244)/0.1678 -> 79.413588 | K84: =(I84+J84)/2 -> 76.88081 | L84: =(($V$6-I84)/$V$6)*100 -> 79.590221 | M84: =(($V$6-J84)/$V$6)*100 -> 78.199641 | N84: =(L84+M84)/2 -> 78.894931 | O84: =STDEV(L84:M84) -> 0.98328812 | P84: =(($V$6-I84)/C84)*0.02 -> 57.985697 | Q84: =(($V$6-J84)/D84)*0.02 -> 56.972586 | R84: =(P84+Q84)/2 -> 57.479142 | S84: =STDEV(P84:Q84) -> 0.71637755
K85: estava sem formula
B86: 45 ºC
B87: Fibra da Palma Ácido
B88: Concentrações | C88: massa de semente (g) | E88: Absorbâncias (nm) | G88: Fator diluição | I88: Ce (ppm) | K88: Média (ppm) | L88: % Remoção | N88: Média % | O88: Desv P | P88: QE (mg/g) | R88: Média | S88: Desv P
B89: 100 | C89: 0.1 | D89: 0.1 | E89: 0.043 | F89: 0.058 | G89: =E89*50 -> 2.15 | H89: =F89*50 -> 2.9 | I89: =(G89-0.0244)/0.1678 -> 12.667461 | J89: =(H89-0.0244)/0.1678 -> 17.137068 | K89: =(I89+J89)/2 -> 14.902265 | L89: =(($V$3-I89)/$V$3)*100 -> 86.008671 | M89: =(($V$3-J89)/$V$3)*100 -> 81.071949 | N89: =(L89+M89)/2 -> 83.54031 | O89: =STDEV(L89:M89) -> 3.4907897 | P89: =(($V$3-I89)/C89)*0.02 -> 15.574096 | Q89: =(($V$3-J89)/D89)*0.02 -> 14.680175 | R89: =(P89+Q89)/2 -> 15.127135 | S89: =STDEV(P89:Q89) -> 0.63209784
B90: 200 | C90: 0.1 | D90: 0.1 | E90: 0.327 | F90: 0.326 | G90: =E90*50 -> 16.35 | H90: =F90*50 -> 16.3 | I90: =(G90-0.0244)/0.1678 -> 97.292014 | J90: =(H90-0.0244)/0.1678 -> 96.994041 | K90: =(I90+J90)/2 -> 97.143027 | L90: =(($V$4-I90)/$V$4)*100 -> 50.913639 | M90: =(($V$4-J90)/$V$4)*100 -> 51.063975 | N90: =(L90+M90)/2 -> 50.988807 | O90: =STDEV(L90:M90) -> 0.10630329 | P90: =(($V$4-I90)/C90)*0.02 -> 20.182757 | Q90: =(($V$4-J90)/D90)*0.02 -> 20.242352 | R90: =(P90+Q90)/2 -> 20.212555 | S90: =STDEV(P90:Q90) -> 0.042139856
B91: 300 | C91: 0.1 | D91: 0.1 | E91: 0.652 | F91: 0.666 | G91: =E91*50 -> 32.6 | H91: =F91*50 -> 33.3 | I91: 150 | J91: 132 | K91: =(I91+J91)/2 -> 141 | L91: =(($V$5-I91)/$V$5)*100 -> 44.934178 | M91: =(($V$5-J91)/$V$5)*100 -> 51.542076 | N91: =(L91+M91)/2 -> 48.238127 | O91: =STDEV(L91:M91) -> 4.67249 | P91: =(($V$5-I91)/C91)*0.02 -> 24.480254 | Q91: =(($V$5-J91)/D91)*0.02 -> 28.080254 | R91: =(P91+Q91)/2 -> 26.280254 | S91: =STDEV(P91:Q91) -> 2.5455844
B92: 400 | C92: 0.1 | D92: 0.1 | E92: 1.032 | F92: 1.011 | G92: =E92*50 -> 51.6 | H92: =F92*50 -> 50.55 | I92: 200 | J92: 229 | K92: =(I92+J92)/2 -> 214.5 | L92: =(($V$6-I92)/$V$6)*100 -> 45.096653 | M92: =(($V$6-J92)/$V$6)*100 -> 37.135668 | N92: =(L92+M92)/2 -> 41.116161 | O92: =STDEV(L92:M92) -> 5.6292667 | P92: =(($V$6-I92)/C92)*0.02 -> 32.855304 | Q92: =(($V$6-J92)/D92)*0.02 -> 27.055304 | R92: =(P92+Q92)/2 -> 29.955304 | S92: =STDEV(P92:Q92) -> 4.1012193

Sheet Isotermas PALMA
B1: Qmax | C1: KL | D1: RL | E1: RL | F1: Qmax | G1: KL | H1: RL | I1: RL | J1: Qmax | K1: KL | L1: RL | M1: RL | Z1: Qmax | AA1: KL | AB1: RL | AC1: RL | AD1: Qmax | AE1: KL | AF1: RL | AG1: RL | AH1: Qmax | AI1: KL | AJ1: RL | AK1: RL | AX1: Qmax | AY1: KL | AZ1: RL | BA1: RL | BB1: Qmax | BC1: KL | BD1: RL | BE1: RL | BF1: Qmax | BG1: KL | BH1: RL | BI1: RL
B2: =1/0.016 -> 62.5 | C2: =1/(B2*0.0613) -> 0.26101142 | D2: =1/(1+(C2*100)) -> 0.036898814 | E2: =1/(1+(C2*400)) -> 0.0094872549 | F2: =1/0.0296 -> 33.783784 | G2: =1/(F2*0.4558) -> 0.064940763 | H2: =1/(1+(G2*100)) -> 0.13343873 | I2: =1/(1+(G2*400)) -> 0.037069568 | J2: =1/0.0389 -> 25.706941 | K2: =1/(J2*0.3036) -> 0.12812912 | L2: =1/(1+(K2*100)) -> 0.072396032 | M2: =1/(1+(K2*400)) -> 0.019138153 | Z2: =1/0.0148 -> 67.567568 | AA2: =1/(Z2*0.0588) -> 0.25170068 | AB2: =1/(1+($AA$2*Y6)) -> 0.038211593 | AC2: =1/(1+($AA$2*Y9)) -> 0.0098347494 | AD2: =1/0.0224 -> 44.642857 | AE2: =1/(AD2*0.0643) -> 0.34836703 | AF2: =1/(1+($AE$2*Y6)) -> 0.027904353 | AG2: =1/(1+($AE$2*Y9)) -> 0.0071252064 | AH2: =1/0.0241 -> 41.493776 | AI2: =1/(AH2*0.2001) -> 0.12043978 | AJ2: =1/(1+($AI$2*100)) -> 0.076663729 | AK2: =1/(1+($AI$2*400)) -> 0.020335159 | AX2: =1/0.0166 -> 60.240964 | AY2: =1/(AX2*0.0608) -> 0.27302632 | AZ2: =1/(1+($AY$2*100)) -> 0.035332404 | BA2: =1/(1+($AY$2*400)) -> 0.0090735435 | BB2: =1/0.0332 -> 30.120482 | BC2: =1/(BB2*(0.6813)) -> 0.048730368 | BD2: =1/(1+($BC$2*100)) -> 0.17026966 | BE2: =1/(1+($BC$2*400)) -> 0.048799181 | BF2: =1/0.0369 -> 27.100271 | BG2: =1/(BF2*0.2668) -> 0.13830585 | BH2: =1/(1+($BG$2*100)) -> 0.067428225 | BI2: =1/(1+($BG$2*400)) -> 0.017754945
B3: Langmuir (15±2 ℃) | Z3: Langmuir (30±3 ℃) | AX3: Langmuir (45±3 ℃)
B4: Base | F4: Ácido | J4: In natura | Z4: Base | AD4: Ácido | AH4: In natura | AX4: Base | BB4: Ácido | BF4: In natura
A5: Ci | B5: Ce médio | C5: Qe médio | D5: Ce/Qe | E5: Qe Cal | F5: Ce médio | G5: Qe médio | H5: Ce/Qe | I5: Qe Cal | J5: Ce médio | K5: Qe médio | L5: Ce/Qe | M5: Qe Cal | Y5: Ci | Z5: Ce médio | AA5: Qe médio | AB5: Ce/Qe | AC5: Qe Cal | AD5: Ce médio | AE5: Qe médio | AF5: Ce/Qe | AG5: Qe Cal | AH5: Ce médio | AI5: Qe médio | AJ5: Ce/Qe | AK5: Qe Cal | AW5: Ci | AX5: Ce médio | AY5: Qe médio | AZ5: Ce/Qe | BA5: Qe Cal | BB5: Ce médio | BC5: Qe médio | BD5: Ce/Qe | BE5: Qe Cal | BF5: Ce médio | BG5: Qe médio | BH5: Ce/Qe | BI5: Qe Cal
A6: 100 | B6: 1.01 | C6: 17.91 | D6: =B6/C6 -> 0.056393076 | E6: =$B$2*$C$2*B6/(1+$C$2*B6) -> 13.038988 | F6: 3.4302741 | G6: 17.421534 | H6: =F6/G6 -> 0.19689852 | I6: =$F$2*$G$2*F6/(1+$G$2*F6) -> 6.1547674 | J6: 14.455304 | K6: 15.216528 | L6: =J6/K6 -> 0.94997389 | M6: =$J$2*$K$2*J6/(1+$K$2*J6) -> 16.693746 | Y6: 100 | Z6: 1.05 | AA6: 17.9 | AB6: =Z6/AA6 -> 0.058659218 | AC6: =$Z$2*$AA$2*Z6/(1+$AA$2*Z6) -> 14.124294 | AD6: 1.03 | AE6: 17.9 | AF6: =AD6/AE6 -> 0.057541899 | AG6: =$AD$2*$AE$2*AD6/(1+$AE$2*AD6) -> 11.788674 | AH6: 5.7914184 | AI6: 16.949305 | AJ6: =AH6/AI6 -> 0.34169061 | AK6: =$AH$2*$AI$2*AH6/(1+$AI$2*AH6) -> 17.049972 | AW6: 100 | AX6: 1.7914184 | AY6: 17.749305 | AZ6: =AX6/AY6 -> 0.10092893 | BA6: =$AX$2*$AY$2*AX6/(1+$AY$2*AX6) -> 19.786469 | BB6: 14.902265 | BC6: 15.127135 | BD6: =BB6/BC6 -> 0.9851346 | BE6: =$BB$2*$BC$2*BB6/(1+$BC$2*BB6) -> 12.671399 | BF6: 3.4302741 | BG6: 17.421534 | BH6: =BF6/BG6 -> 0.19689852 | BI6: =$BF$2*$BG$2*BF6/(1+$BG$2*BF6) -> 8.7200653
A7: 200 | B7: 4.3241955 | C7: 38.776321 | D7: =B7/C7 -> 0.11151639 | E7: =$B$2*$C$2*B7/(1+$C$2*B7) -> 33.138866 | F7: 77.774732 | G7: 24.086214 | H7: =F7/G7 -> 3.2290144 | I7: =$F$2*$G$2*F7/(1+$G$2*F7) -> 28.20038 | J7: 77.178784 | K7: 24.205403 | L7: =J7/K7 -> 3.1884941 | M7: =$J$2*$K$2*J7/(1+$K$2*J7) -> 23.346091 | Y7: 200 | Z7: 5.8140644 | AA7: 38.478347 | AB7: =Z7/AA7 -> 0.15109964 | AC7: =$Z$2*$AA$2*Z7/(1+$AA$2*Z7) -> 40.13903 | AD7: 16.392133 | AE7: 36.362733 | AF7: =AD7/AE7 -> 0.45079486 | AG7: =$AD$2*$AE$2*AD7/(1+$AE$2*AD7) -> 37.990149 | AH7: 19.073897 | AI7: 32.254748 | AJ7: =AH7/AI7 -> 0.59135163 | AK7: =$AH$2*$AI$2*AH7/(1+$AI$2*AH7) -> 28.90944 | AW7: 200 | AX7: 4.3241955 | AY7: 38.776321 | AZ7: =AX7/AY7 -> 0.11151639 | BA7: =$AX$2*$AY$2*AX7/(1+$AY$2*AX7) -> 32.61534 | BB7: 97.143027 | BC7: 23 | BD7: =BB7/BC7 -> 4.2236099 | BE7: =$BB$2*$BC$2*BB7/(1+$BC$2*BB7) -> 24.867351 | BF7: 78.81764 | BG7: 23.877632 | BH7: =BF7/BG7 -> 3.3008985 | BI7: =$BF$2*$BG$2*BF7/(1+$BG$2*BF7) -> 24.823117
A8: 300 | B8: 32.333731 | C8: 48.013508 | D8: =B8/C8 -> 0.67342987 | E8: =$B$2*$C$2*B8/(1+$C$2*B8) -> 55.878868 | F8: 128.28129 | G8: 28.823997 | H8: =F8/G8 -> 4.4505031 | I8: =$F$2*$G$2*F8/(1+$G$2*F8) -> 30.163065 | J8: 150.18236 | K8: 24.443782 | L8: =J8/K8 -> 6.1439902 | M8: =$J$2*$K$2*J8/(1+$K$2*J8) -> 24.437007 | Y8: 300 | Z8: 26.672229 | AA8: 52 | AB8: =Z8/AA8 -> 0.51292748 | AC8: =$Z$2*$AA$2*Z8/(1+$AA$2*Z8) -> 58.807824 | AD8: 61.684148 | AE8: 42.143425 | AF8: =AD8/AE8 -> 1.4636719 | AG8: =$AD$2*$AE$2*AD8/(1+$AE$2*AD8) -> 42.657735 | AH8: 111.12753 | AI8: 35.83 | AJ8: =AH8/AI8 -> 3.101522 | AK8: =$AH$2*$AI$2*AH8/(1+$AI$2*AH8) -> 38.609094 | AW8: 300 | AX8: 22.351609 | AY8: 50.009932 | AZ8: =AX8/AY8 -> 0.4469434 | BA8: =$AX$2*$AY$2*AX8/(1+$AY$2*AX8) -> 51.7594 | BB8: 141 | BC8: 26.280254 | BD8: =BB8/BC8 -> 5.3652449 | BE8: =$BB$2*$BC$2*BB8/(1+$BC$2*BB8) -> 26.293706 | BF8: 148.99046 | BG8: 24.682161 | BH8: =BF8/BG8 -> 6.0363622 | BI8: =$BF$2*$BG$2*BF8/(1+$BG$2*BF8) -> 25.845992
A9: 400 | B9: 54.085816 | C9: 62.038141 | D9: =B9/C9 -> 0.87181556 | E9: =$B$2*$C$2*B9/(1+$C$2*B9) -> 58.365586 | F9: 200 | G9: 32.86 | H9: =F9/G9 -> 6.0864273 | I9: =$F$2*$G$2*F9/(1+$G$2*F9) -> 31.368613 | J9: 240.17044 | K9: 24.821216 | L9: =J9/K9 -> 9.6760144 | M9: =$J$2*$K$2*J9/(1+$K$2*J9) -> 24.897855 | Y9: 400 | Z9: 32 | AA9: 66.46 | AB9: =Z9/AA9 -> 0.48149263 | AC9: =$Z$2*$AA$2*Z9/(1+$AA$2*Z9) -> 60.105184 | AD9: 144.22288 | AE9: 44.010727 | AF9: =AD9/AE9 -> 3.2769939 | AG9: =$AD$2*$AE$2*AD9/(1+$AE$2*AD9) -> 43.771649 | AH9: 150 | AI9: 41 | AJ9: =AH9/AI9 -> 3.6585366 | AK9: =$AH$2*$AI$2*AH9/(1+$AI$2*AH9) -> 39.317449 | AW9: 400 | AX9: 76.88081 | AY9: 57.479142 | AZ9: =AX9/AY9 -> 1.3375428 | BA9: =$AX$2*$AY$2*AX9/(1+$AY$2*AX9) -> 57.501553 | BB9: 214.5 | BC9: 28 | BD9: =BB9/BC9 -> 7.6607143 | BE9: =$BB$2*$BC$2*BB9/(1+$BC$2*BB9) -> 27.490484 | BF9: 249.85459 | BG9: 26.884386 | BH9: =BF9/BG9 -> 9.2936691 | BI9: =$BF$2*$BG$2*BF9/(1+$BG$2*BF9) -> 26.338093
I12: mudei de ln para log
BC13: b | BD13: a
B14: KF | C14: 1/nf | D14: nf | E14: R² | G14: KF | H14: 1/nf | I14: nf | J14: R² | L14: KF | M14: 1/nf | N14: nf | O14: R² | Z14: KF | AA14: 1/nf | AB14: nf | AC14: R² | AE14: KF | AF14: 1/nf | AG14: nf | AH14: R² | AJ14: KF | AK14: 1/nf | AL14: nf | AM14: R² | AX14: KF | AY14: 1/nf | AZ14: nf | BA14: R² | BC14: KF | BD14: 1/nf | BE14: nf | BF14: R² | BH14: KF | BI14: 1/nf | BJ14: nf | BK14: R²
B15: =POWER(10,1.3107) -> 20.450315 | C15: 0.2763 | D15: =1/C15 -> 3.6192544 | E15: 0.9011 | G15: =POWER(10,1.1541) -> 14.259359 | H15: 0.1438 | I15: =1/H15 -> 6.9541029 | J15: 0.9283 | L15: =POWER(10,0.9909) -> 9.7926448 | M15: 0.1822 | N15: =1/M15 -> 5.4884742 | O15: 0.8847 | Z15: =POWER(10,1.267) -> 18.492686 | AA15: 0.352 | AB15: =1/AA15 -> 2.8409091 | AC15: 0.9654 | AE15: =POWER(10,1.2766) -> 18.906015 | AF15: 0.1884 | AG15: =1/AF15 -> 5.3078556 | AH15: 0.9452 | AJ15: =POWER(10,1.1109) -> 12.90922 | AK15: 0.2332 | AL15: =1/AK15 -> 4.2881647 | AM15: 0.8325 | AX15: =POWER(10,1.2859) -> 19.315235 | AY15: 0.2795 | AZ15: =1/AY15 -> 3.5778175 | BA15: 0.7989 | BC15: =POWER(10,0.9037) -> 8.0112447 | BD15: 0.2347 | BE15: =1/BD15 -> 4.2607584 | BF15: 0.995 | BH15: =POWER(10,1.1883) -> 15.427658 | BI15: 0.0982 | BJ15: =1/BI15 -> 10.183299 | BK15: 0.9935
B16: Freundlich (15±2 ℃) | Z16: Freundlich (30±3 ℃) | AX16: Freundlich (45±3 ℃)
B17: Base | G17: Ácido | L17: In natura | Z17: Base | AE17: Ácido | AJ17: In natura | AX17: Base | BC17: Ácido | BH17: In natura
A18: Ci | B18: Ce médio | C18: Qe médio | D18: Log Ce | E18: Log Qe | F18: Qe Cal | G18: Ce médio | H18: Qe médio | I18: Log Ce | J18: Log Qe | K18: Qe Cal | L18: Ce médio | M18: Qe médio | N18: Log Ce | O18: Log Qe | P18: Qe Cal | Y18: Ci | Z18: Ce médio | AA18: Qe médio | AB18: Log Ce | AC18: Log Qe | AD18: Qe Cal | AE18: Ce médio | AF18: Qe médio | AG18: Log Ce | AH18: Log Qe | AI18: Qe Cal | AJ18: Ce médio | AK18: Qe médio | AL18: Log Ce | AM18: Log Qe | AN18: Qe Cal | AW18: Ci | AX18: Ce médio | AY18: Qe médio | AZ18: 57.479142 | BA18: Log Qe | BB18: Qe Cal | BC18: Ce médio | BD18: Qe médio | BE18: Log Ce | BF18: Log Qe | BG18: Qe Cal | BH18: Ce médio | BI18: Qe médio | BJ18: Log Ce | BK18: Log Qe | BL18: Qe Cal
A19: 100 | B19: 1.01 | C19: 17.91 | D19: =LOG(B19) -> 0.0043213738 | E19: =LOG(C19) -> 1.2530956 | F19: =$B$15*((B19)^$C$15) -> 20.506616 | G19: 3.4302741 | H19: 17.421534 | I19: =LOG(G19) -> 0.53532883 | J19: =LOG(H19) -> 1.2410864 | K19: =$G$15*((G19)^$H$15) -> 17.024732 | L19: 14.455304 | M19: 15.216528 | N19: =LOG(L19) -> 1.1600272 | O19: =LOG(M19) -> 1.1823156 | P19: =$L$15*((L19)^$M$15) -> 15.931511 | Y19: 100 | Z19: 1.05 | AA19: 17.9 | AB19: =LOG(Z19) -> 0.021189299 | AC19: =LOG(AA19) -> 1.252853 | AD19: =$Z$15*((Z19)^$AA$15) -> 18.813025 | AE19: 1.03 | AF19: 17.9 | AG19: =LOG(AE19) -> 0.012837225 | AH19: =LOG(AF19) -> 1.252853 | AI19: =$AE$15*((AE19)^$AF$15) -> 19.011594 | AJ19: 5.7914184 | AK19: 16.949305 | AL19: =LOG(AJ19) -> 0.76278494 | AM19: =LOG(AK19) -> 1.2291519 | AN19: =$AJ$15*((AJ19)^$AK$15) -> 19.443814 | AW19: 100 | AX19: 1.7914184 | AY19: 17.749305 | AZ19: =LOG(AX19) -> 0.25319702 | BA19: =LOG(AY19) -> 1.2491813 | BB19: =$AX$15*((AX19)^$AY$15) -> 22.733618 | BC19: 14.902265 | BD19: 15.127135 | BE19: =LOG(BC19) -> 1.1732523 | BF19: =LOG(BD19) -> 1.1797567 | BG19: =$BC$15*((BC19)^$BD$15) -> 15.102968 | BH19: 3.4302741 | BI19: 17.421534 | BJ19: =LOG(BH19) -> 0.53532883 | BK19: =LOG(BI19) -> 1.2410864 | BL19: =$BH$15*((BH19)^$BI$15) -> 17.412827
A20: 200 | B20: 4.3241955 | C20: 38.776321 | D20: =LOG(B20) -> 0.63590532 | E20: =LOG(C20) -> 1.5885666 | F20: =$B$15*((B20)^$C$15) -> 30.647894 | G20: 77.774732 | H20: 24.086214 | I20: =LOG(G20) -> 1.8908385 | J20: =LOG(H20) -> 1.3817685 | K20: =$G$15*((G20)^$H$15) -> 26.668745 | L20: 77.178784 | M20: 24.205403 | N20: =LOG(L20) -> 1.8874979 | O20: =LOG(M20) -> 1.3839123 | P20: =$L$15*((L20)^$M$15) -> 21.617334 | Y20: 200 | Z20: 5.8140644 | AA20: 38.478347 | AB20: =LOG(Z20) -> 0.76447984 | AC20: =LOG(AA20) -> 1.5852164 | AD20: =$Z$15*((Z20)^$AA$15) -> 34.363461 | AE20: 16.392133 | AF20: 36.362733 | AG20: =LOG(AE20) -> 1.2146355 | AH20: =LOG(AF20) -> 1.5606565 | AI20: =$AE$15*((AE20)^$AF$15) -> 32.021179 | AJ20: 19.073897 | AK20: 32.254748 | AL20: =LOG(AJ20) -> 1.2804394 | AM20: =LOG(AK20) -> 1.5085936 | AN20: =$AJ$15*((AJ20)^$AK$15) -> 25.674292 | AW20: 200 | AX20: 4.3241955 | AY20: 38.776321 | AZ20: =LOG(AX20) -> 0.63590532 | BA20: =LOG(AY20) -> 1.5885666 | BB20: =$AX$15*((AX20)^$AY$15) -> 29.082754 | BC20: 97.143027 | BD20: 23 | BE20: =LOG(BC20) -> 1.9874116 | BF20: =LOG(BD20) -> 1.3617278 | BG20: =$BC$15*((BC20)^$BD$15) -> 23.450144 | BH20: 78.81764 | BI20: 23.877632 | BJ20: =LOG(BH20) -> 1.8966234 | BK20: =LOG(BI20) -> 1.3779913 | BL20: =$BH$15*((BH20)^$BI$15) -> 23.689092
A21: 300 | B21: 32.333731 | C21: 48.013508 | D21: =LOG(B21) -> 1.5096558 | E21: =LOG(C21) -> 1.6813634 | F21: =$B$15*((B21)^$C$15) -> 53.434027 | G21: 128.28129 | H21: 28.823997 | I21: =LOG(G21) -> 2.1081633 | J21: =LOG(H21) -> 1.4597542 | K21: =$G$15*((G21)^$H$15) -> 28.658528 | L21: 150.18236 | M21: 24.443782 | N21: =LOG(L21) -> 2.1766189 | O21: =LOG(M21) -> 1.3881684 | P21: =$L$15*((L21)^$M$15) -> 24.405065 | Y21: 300 | Z21: 26.672229 | AA21: 52 | AB21: =LOG(Z21) -> 1.4260593 | AC21: =LOG(AA21) -> 1.7160033 | AD21: =$Z$15*((Z21)^$AA$15) -> 58.745266 | AE21: 61.684148 | AF21: 42.143425 | AG21: =LOG(AE21) -> 1.7901736 | AH21: =LOG(AF21) -> 1.6247298 | AI21: =$AE$15*((AE21)^$AF$15) -> 41.102544 | AJ21: 111.12753 | AK21: 35.83 | AL21: =LOG(AJ21) -> 2.0458217 | AM21: =LOG(AK21) -> 1.5542468 | AN21: =$AJ$15*((AJ21)^$AK$15) -> 38.724482 | AW21: 300 | AX21: 22.351609 | AY21: 50.009932 | AZ21: =LOG(AX21) -> 1.3493088 | BA21: =LOG(AY21) -> 1.6990563 | BB21: =$AX$15*((AX21)^$AY$15) -> 46.029028 | BC21: 141 | BD21: 26.280254 | BE21: =LOG(BC21) -> 2.1492191 | BF21: =LOG(BD21) -> 1.4196296 | BG21: =$BC$15*((BC21)^$BD$15) -> 25.593031 | BH21: 148.99046 | BI21: 24.682161 | BJ21: =LOG(BH21) -> 2.1731585 | BK21: =LOG(BI21) -> 1.3923832 | BL21: =$BH$15*((BH21)^$BI$15) -> 25.217624
A22: 400 | B22: 54.085816 | C22: 62.038141 | D22: =LOG(B22) -> 1.7330834 | E22: =LOG(C22) -> 1.7926588 | F22: =$B$15*((B22)^$C$15) -> 61.595777 | G22: 200 | H22: 32.86 | I22: =LOG(G22) -> 2.30103 | J22: =LOG(H22) -> 1.5166676 | K22: =$G$15*((G22)^$H$15) -> 30.548375 | L22: 240.17044 | M22: 24.821216 | N22: =LOG(L22) -> 2.3805196 | O22: =LOG(M22) -> 1.394823 | P22: =$L$15*((L22)^$M$15) -> 26.584633 | Y22: 400 | Z22: 32 | AA22: 66.46 | AB22: =LOG(Z22) -> 1.50515 | AC22: =LOG(AA22) -> 1.8225603 | AD22: =$Z$15*((Z22)^$AA$15) -> 62.634381 | AE22: 144.22288 | AF22: 44.010727 | AG22: =LOG(AE22) -> 2.1590342 | AH22: =LOG(AF22) -> 1.6435585 | AI22: =$AE$15*((AE22)^$AF$15) -> 48.234973 | AJ22: 150 | AK22: 41 | AL22: =LOG(AJ22) -> 2.1760913 | AM22: =LOG(AK22) -> 1.6127839 | AN22: =$AJ$15*((AJ22)^$AK$15) -> 41.530244 | AW22: 400 | AX22: 76.88081 | AY22: 57.479142 | AZ22: =LOG(AX22) -> 1.885818 | BA22: =LOG(AY22) -> 1.7595103 | BB22: =$AX$15*((AX22)^$AY$15) -> 65.010891 | BC22: 214.5 | BD22: 28 | BE22: =LOG(BC22) -> 2.3314273 | BF22: =LOG(BD22) -> 1.447158 | BG22: =$BC$15*((BC22)^$BD$15) -> 28.241385 | BH22: 249.85459 | BI22: 26.884386 | BJ22: =LOG(BH22) -> 2.3976873 | BK22: =LOG(BI22) -> 1.4295001 | BL22: =$BH$15*((BH22)^$BI$15) -> 26.530956
B27: AT | C27: B (L.g¯¹) | D27: bT (J.mol¯¹) | E27: R² | G27: AT | H27: B (L.g¯¹) | I27: bT (J.mol¯¹) | J27: R² | L27: AT | M27: B (L.g¯¹) | N27: bT (J.mol¯¹) | O27: R² | Z27: AT | AA27: B (L.g¯¹) | AB27: bT (J.mol¯¹) | AC27: R² | AE27: AT | AF27: B (L.g¯¹) | AG27: bT (J.mol¯¹) | AH27: R² | AJ27: AT | AK27: B (L.g¯¹) | AL27: bT (J.mol¯¹) | AM27: R² | AX27: AT | AY27: B (L.g¯¹) | AZ27: bT (J.mol¯¹) | BA27: R² | BC27: AT | BD27: B (L.g¯¹) | BE27: bT (J.mol¯¹) | BF27: R² | BH27: AT | BI27: B (L.g¯¹) | BJ27: bT (J.mol¯¹) | BK27: R²
B28: =EXP(19.98/9.7103) -> 7.827232 | C28: 9.7103 | D28: =($E$35*$E$32)/C28 -> 246.71525 | E28: 0.9326 | G28: =EXP(12.532/3.3716) -> 41.137892 | H28: 3.3716 | I28: =($E$32*$E$35)/H28 -> 710.54665 | J28: 0.876 | L28: =EXP(6.5581/3.5667) -> 6.2883734 | M28: 3.5667 | N28: =($E$32*$E$35)/M28 -> 671.67945 | O28: 0.8915 | Z28: =EXP(16.942/12.177) -> 4.0201189 | AA28: 12.177 | AB28: =($AC$35*$AC$32)/AA28 -> 206.97948 | AC28: 0.9078 | AE28: =EXP(18.872/5.4471) -> 31.963539 | AF28: 5.4471 | AG28: =($AC$35*$AC$32)/AF28 -> 462.70292 | AH28: 0.9746 | AJ28: =EXP(6.3211/8.7116) -> 2.0659615 | AK28: 6.3211 | AL28: =($AC$35*$AC$32)/AK28 -> 398.72635 | AM28: 0.8764 | AX28: =EXP(17.758/9.7914) -> 6.1326832 | AY28: 9.7914 | AZ28: =($BA$35*$BA$32)/AY28 -> 270.14514 | BA28: 0.9015 | BC28: =EXP(1.9121/4.8173) -> 1.4872423 | BD28: 4.8173 | BE28: =($BA$35*$BA$32)/BD28 -> 549.08332 | BF28: 0.9868 | BH28: =EXP(14.752/2.0998) -> 1124.8793 | BI28: 2.0998 | BJ28: =($BA$35*$BA$32)/BI28 -> 1259.691 | BK28: 0.9872
B29: Temkin (15±2 ℃) | Z29: Temkin (30±3 ℃) | AX29: Temkin (45±3 ℃)
B30: Base | G30: Ácido | L30: In natura | Z30: Base | AE30: Ácido | AJ30: In natura | AX30: Base | BC30: Ácido | BH30: In natura
A31: Ci | B31: Qe médio | C31: Ln Ce | D31: Qe Cal | E31: T (K) | G31: Qe médio | H31: Ln Ce | I31: Qe Cal | L31: Qe médio | M31: Ln Ce | N31: Qe Cal | Y31: Ci | Z31: Qe médio | AA31: Ln Ce | AB31: Qe Cal | AC31: T (K) | AE31: Qe médio | AF31: Ln Ce | AG31: Qe Cal | AJ31: Qe médio | AK31: Ln Ce | AL31: Qe Cal | AW31: Ci | AX31: Qe médio | AY31: Ln Ce | AZ31: Qe Cal | BA31: T (K) | BC31: Qe médio | BD31: Ln Ce | BE31: Qe Cal | BH31: Qe médio | BI31: Ln Ce | BJ31: Qe Cal
A32: 100 | B32: 17.91 | C32: =LN(B19) -> 0.0099503309 | D32: =(($E$35*$E$32)/$D$28)*LN($B$28*B19) -> 20.076621 | E32: 288.15 | G32: 17.421534 | H32: =LN(G19) -> 1.2326402 | I32: =(($E$35*$E$32)/$I$28)*LN($G$28*G19) -> 16.68797 | L32: 15.216528 | M32: =LN(L19) -> 2.6710614 | N32: =(($E$35*$E$32)/$N$28)*LN($L$28*L19) -> 16.084975 | Y32: 100 | Z32: 17.9 | AA32: =LN(Z19) -> 0.048790164 | AB32: =(($AC$35*$AC$32)/$AB$28)*LN($Z$28*Z19) -> 17.536118 | AC32: 303.15 | AE32: 17.9 | AF32: =LN(AE19) -> 0.029558802 | AG32: =(($AC$35*$AC$32)/$AG$28)*LN($AE$28*AE19) -> 19.03301 | AJ32: 16.949305 | AK32: =LN(AJ19) -> 1.7563772 | AL32: =(($AC$35*$AC$32)/$AL$28)*LN($AJ$28*AJ19) -> 15.688799 | AW32: 100 | AX32: 17.749305 | AY32: =LN(AX19) -> 0.58300768 | AZ32: =(($BA$35*$BA$32)/$AZ$28)*LN($AX$28*AX19) -> 23.466461 | BA32: 318.15 | BC32: 15.127135 | BD32: =LN(BC19) -> 2.7015132 | BE32: =(($BA$35*$BA$32)/$BE$28)*LN($BC$28*BC19) -> 14.926099 | BH32: 17.421534 | BI32: =LN(BH19) -> 1.2326402 | BJ32: =(($BA$35*$BA$32)/$BJ$28)*LN($BH$28*BH19) -> 17.340298
A33: 200 | B33: 38.776321 | C33: =LN(B20) -> 1.4642261 | D33: =(($E$35*$E$32)/$D$28)*LN($B$28*B20) -> 34.198075 | G33: 24.086214 | H33: =LN(G20) -> 4.3538166 | I33: =(($E$35*$E$32)/$I$28)*LN($G$28*G20) -> 27.211328 | L33: 24.205403 | M33: =LN(L20) -> 4.3461246 | N33: =(($E$35*$E$32)/$N$28)*LN($L$28*L20) -> 22.059423 | Y33: 200 | Z33: 38.478347 | AA33: =LN(Z20) -> 1.7602799 | AB33: =(($AC$35*$AC$32)/$AB$28)*LN($Z$28*Z20) -> 38.376928 | AE33: 36.362733 | AF33: =LN(AE20) -> 2.7968016 | AG33: =(($AC$35*$AC$32)/$AG$28)*LN($AE$28*AE20) -> 34.106458 | AJ33: 32.254748 | AK33: =LN(AJ20) -> 2.9483208 | AL33: =(($AC$35*$AC$32)/$AL$28)*LN($AJ$28*AJ20) -> 23.223194 | AW33: 200 | AX33: 38.776321 | AY33: =LN(AX20) -> 1.4642261 | AZ33: =(($BA$35*$BA$32)/$AZ$28)*LN($AX$28*AX20) -> 32.094823 | BC33: 23 | BD33: =LN(BC20) -> 4.5761844 | BE33: =(($BA$35*$BA$32)/$BE$28)*LN($BC$28*BC20) -> 23.956953 | BH33: 23.877632 | BI33: =LN(BH20) -> 4.3671368 | BJ33: =(($BA$35*$BA$32)/$BJ$28)*LN($BH$28*BH20) -> 23.922114
A34: 300 | B34: 48.013508 | C34: =LN(B21) -> 3.476111 | D34: =(($E$35*$E$32)/$D$28)*LN($B$28*B21) -> 53.73408 | E34: R | G34: 28.823997 | H34: =LN(G21) -> 4.8542254 | I34: =(($E$35*$E$32)/$I$28)*LN($G$28*G21) -> 28.898506 | L34: 24.443782 | M34: =LN(L21) -> 5.0118503 | N34: =(($E$35*$E$32)/$N$28)*LN($L$28*L21) -> 24.433866 | Y34: 300 | Z34: 49.145809 | AA34: =LN(Z21) -> 3.2836229 | AB34: =(($AC$35*$AC$32)/$AB$28)*LN($Z$28*Z21) -> 56.926676 | AC34: R | AE34: 42.143425 | AF34: =LN(AE21) -> 4.122027 | AG34: =(($AC$35*$AC$32)/$AG$28)*LN($AE$28*AE21) -> 41.325093 | AJ34: 35.83 | AK34: =LN(AJ21) -> 4.7106785 | AL34: =(($AC$35*$AC$32)/$AL$28)*LN($AJ$28*AJ21) -> 34.363233 | AW34: 300 | AX34: 50.009932 | AY34: =LN(AX21) -> 3.1068983 | AZ34: =(($BA$35*$BA$32)/$AZ$28)*LN($AX$28*AX21) -> 48.178884 | BA34: R | BC34: 26.280254 | BD34: =LN(BC21) -> 4.9487599 | BE34: =(($BA$35*$BA$32)/$BE$28)*LN($BC$28*BC21) -> 25.751761 | BH34: 24.682161 | BI34: =LN(BH21) -> 5.0038823 | BJ34: =(($BA$35*$BA$32)/$BJ$28)*LN($BH$28*BH21) -> 25.259152
A35: 400 | B35: 62.038141 | C35: =LN(B22) -> 3.990572 | D35: =(($E$35*$E$32)/$D$28)*LN($B$28*B22) -> 58.729651 | E35: 8.314 | G35: 32.86 | H35: =LN(G22) -> 5.2983174 | I35: =(($E$35*$E$32)/$I$28)*LN($G$28*G22) -> 30.395807 | L35: 24.821216 | M35: =LN(L22) -> 5.4813488 | N35: =(($E$35*$E$32)/$N$28)*LN($L$28*L22) -> 26.108427 | Y35: 400 | Z35: 66.46 | AA35: =LN(Z22) -> 3.4657359 | AB35: =(($AC$35*$AC$32)/$AB$28)*LN($Z$28*Z22) -> 59.144266 | AC35: 8.314 | AE35: 44.010727 | AF35: =LN(AE22) -> 4.9713599 | AG35: =(($AC$35*$AC$32)/$AG$28)*LN($AE$28*AE22) -> 45.951495 | AJ35: 41 | AK35: =LN(AJ22) -> 5.0106353 | AL35: =(($AC$35*$AC$32)/$AL$28)*LN($AJ$28*AJ22) -> 36.25929 | AW35: 400 | AX35: 57.479142 | AY35: =LN(AX22) -> 4.3422563 | AZ35: =(($BA$35*$BA$32)/$AZ$28)*LN($AX$28*AX22) -> 60.274768 | BA35: 8.314 | BC35: 28 | BD35: =LN(BC22) -> 5.3683097 | BE35: =(($BA$35*$BA$32)/$BE$28)*LN($BC$28*BC22) -> 27.772859 | BH35: 26.884386 | BI35: =LN(BH22) -> 5.5208791 | BJ35: =(($BA$35*$BA$32)/$BJ$28)*LN($BH$28*BH22) -> 26.344742
B40: Qd | C40: ADKR | D40: E | E40: R² | G40: Qd | H40: ADKR | I40: E | J40: R² | L40: Qd | M40: ADKR | N40: E | O40: R² | Z40: Qd | AA40: ADKR | AB40: E | AC40: R² | AE40: Qd | AF40: ADKR | AG40: E | AH40: R² | AJ40: Qd | AK40: ADKR | AL40: E | AM40: R² | AX40: Qd | AY40: ADKR | AZ40: E | BA40: R² | BC40: Qd | BD40: ADKR | BE40: E | BF40: R² | BH40: Qd | BI40: ADKR | BJ40: E | BK40: R²
B41: =EXP(3.9239) -> 50.59739 | C41: =-(-0.0000004) -> 4e-07 | D41: =1/F43 -> 1118.034 | E41: 0.9147 | G41: =EXP(3.3458) -> 28.383273 | H41: =-(-0.000001) -> 1e-06 | I41: =1/K43 -> 707.10678 | J41: 0.787 | L41: =EXP(3.2064) -> 24.690042 | M41: =-(-0.00002) -> 2e-05 | N41: =1/P43 -> 158.11388 | O41: 0.9995 | Z41: =EXP(3.9594) -> 52.425861 | AA41: =-(-0.0000004) -> 4e-07 | AB41: =1/AD43 -> 1118.034 | AC41: 0.8776 | AE41: =EXP(3.7089) -> 40.808892 | AF41: =-(-0.0000003) -> 3e-07 | AG41: =1/AI43 -> 1290.9944 | AH41: 0.9645 | AJ41: =EXP(3.6195) -> 37.318904 | AK41: =-(-0.000005) -> 5e-06 | AL41: =1/AN43 -> 316.22777 | AM41: 0.9681 | AX41: =EXP(3.9632) -> 52.625458 | AY41: =-(-0.0000008) -> 8e-07 | AZ41: =1/BB43 -> 790.56942 | BA41: 0.9833 | BC41: =EXP(3.2537) -> 25.885941 | BD41: =-(-0.00002) -> 2e-05 | BE41: =1/BG43 -> 158.11388 | BF41: 0.9215 | BH41: =EXP(3.224) -> 25.128433 | BI41: =-(-0.0000008) -> 8e-07 | BJ41: =1/BL43 -> 790.56942 | BK41: 0.9314
B42: Durbinin-Kaganer Radushkevich (15±2 ℃) | Z42: Durbinin-Kaganer Radushkevich (30±3 ℃) | AX42: Durbinin-Kaganer Radushkevich (45±3 ℃)
B43: Base | F43: =SQRT(2*C41) -> 0.00089442719 | G43: Ácido | K43: =SQRT(2*H41) -> 0.0014142136 | L43: In natura | P43: =SQRT(2*M41) -> 0.0063245553 | Z43: Base | AD43: =SQRT(2*AA41) -> 0.00089442719 | AE43: Ácido | AI43: =SQRT(2*AF41) -> 0.00077459667 | AJ43: In natura | AN43: =SQRT(2*AK41) -> 0.0031622777 | AX43: Base | BB43: =SQRT(2*AY41) -> 0.0012649111 | BC43: Ácido | BG43: =SQRT(2*BD41) -> 0.0063245553 | BH43: In natura | BL43: =SQRT(2*BI41) -> 0.0012649111
A44: Ci | B44: ε^2 | C44: Ln Qe | D44: Qe médio | E44: Qe Cal | G44: ε^2 | H44: Ln Qe | I44: Qe médio | J44: Qe Cal | L44: ε^2 | M44: Ln Qe | N44: Qe médio | O44: Qe Cal | Y44: Ci | Z44: ε^2 | AA44: Ln Qe | AB44: Qe médio | AC44: Qe Cal | AE44: ε^2 | AF44: Ln Qe | AG44: Qe médio | AH44: Qe Cal | AJ44: ε^2 | AK44: Ln Qe | AL44: Qe médio | AM44: Qe Cal | AW44: Ci | AX44: ε^2 | AY44: Ln Qe | AZ44: Qe médio | BA44: Qe Cal | BC44: ε^2 | BD44: Ln Qe | BE44: Qe médio | BF44: Qe Cal | BH44: ε^2 | BI44: Ln Qe | BJ44: Qe médio | BK44: Qe Cal
A45: 100 | B45: =((8.314*288)*(LN(1+1/B19)))^2 -> 2715280.2 | C45: =LN(D45) -> 2.8853592 | D45: 17.91 | E45: =$B$41*EXP(-$C$41*B45) -> 17.077946 | G45: =((8.314*288)*(LN(1+1/G19)))^2 -> 375213.42 | H45: =LN(I45) -> 2.857707 | I45: 17.421534 | J45: =$G$41*EXP(-$H$41*G45) -> 19.503357 | L45: =((8.314*288)*(LN(1+1/L19)))^2 -> 25653.009 | M45: =LN(N45) -> 2.7223822 | N45: 15.216528 | O45: =$L$41*EXP(-$M$41*L45) -> 14.780959 | Y45: 100 | Z45: =((8.314*303)*(LN(1+1/Z19)))^2 -> 2840677.7 | AA45: =LN(AB45) -> 2.8848007 | AB45: 17.9 | AC45: =$Z$41*EXP(-$AA$41*Z45) -> 16.829426 | AE45: =((8.314*303)*(LN(1+1/AE19)))^2 -> 2921295.9 | AF45: =LN(AG45) -> 2.8848007 | AG45: 17.9 | AH45: =$AE$41*EXP(-$AF$41*AE45) -> 16.988068 | AJ45: =((8.314*303)*(LN(1+1/AJ19)))^2 -> 161005.93 | AK45: =LN(AL45) -> 2.8302268 | AL45: 16.949305 | AM45: =$AJ$41*EXP(-$AK$41*AJ45) -> 16.684337 | AW45: 100 | AX45: =((8.314*318)*(LN(1+1/AX19)))^2 -> 1375131 | AY45: =LN(AZ45) -> 2.8763463 | AZ45: 17.749305 | BA45: =$AX$41*EXP(-$AY$41*AX45) -> 17.515657 | BC45: =((8.314*318)*(LN(1+1/BC19)))^2 -> 29485.628 | BD45: =LN(BE45) -> 2.7164902 | BE45: 15.127135 | BF45: =$BC$41*EXP(-$BD$41*BC45) -> 14.353409 | BH45: =((8.314*318)*(LN(1+1/BH19)))^2 -> 457454.21 | BI45: =LN(BJ45) -> 2.857707 | BJ45: 17.421534 | BK45: =$BH$41*EXP(-$BI$41*BH45) -> 17.427277
A46: 200 | B46: =(( 8.314*288)*(LN(1+1/B20)))^2 -> 248130.39 | C46: =LN(D46) -> 3.6578098 | D46: 38.776321 | E46: =$B$41*EXP(-$C$41*B46) -> 45.816663 | G46: =((8.314*288)*(LN(1+1/G20)))^2 -> 935.77977 | H46: =LN(I46) -> 3.1816396 | I46: 24.086214 | J46: =$G$41*EXP(-$H$41*G46) -> 28.356725 | L46: =((8.314*288)*(LN(1+1/L20)))^2 -> 950.19376 | M46: =LN(N46) -> 3.1865759 | N46: 24.205403 | O46: =$L$41*EXP(-$M$41*L46) -> 24.225266 | Y46: 200 | Z46: =((8.314*303)*(LN(1+1/Z20)))^2 -> 159848.23 | AA46: =LN(AB46) -> 3.6500957 | AB46: 38.478347 | AC46: =$Z$41*EXP(-$AA$41*Z46) -> 49.178705 | AE46: =((8.314*303)*(LN(1+1/AE20)))^2 -> 22253.076 | AF46: =LN(AG46) -> 3.5935444 | AG46: 36.362733 | AH46: =$AE$41*EXP(-$AF$41*AE46) -> 40.537362 | AJ46: =((8.314*303)*(LN(1+1/AJ20)))^2 -> 16570.654 | AK46: =LN(AL46) -> 3.4736652 | AL46: 32.254748 | AM46: =$AJ$41*EXP(-$AK$41*AJ46) -> 34.351536 | AW46: 200 | AX46: =((8.314*318)*(LN(1+1/AX20)))^2 -> 302516.61 | AY46: =LN(AZ46) -> 3.6578098 | AZ46: 38.776321 | BA46: =$AX$41*EXP(-$AY$41*AX46) -> 41.313392 | BC46: =((8.314*318)*(LN(1+1/BC20)))^2 -> 733.16108 | BD46: =LN(BE46) -> 3.1354942 | BE46: 23 | BF46: =$BC$41*EXP(-$BD$41*BC46) -> 25.509139 | BH46: =((8.314*318)*(LN(1+1/BH20)))^2 -> 1111.0823 | BI46: =LN(BJ46) -> 3.1729421 | BJ46: 23.877632 | BK46: =$BH$41*EXP(-$BI$41*BH46) -> 25.106107
A47: 300 | B47: =(( 8.314*288)*(LN(1+1/B21)))^2 -> 5319.021 | C47: =LN(D47) -> 3.8714824 | D47: 48.013508 | E47: =$B$41*EXP(-$C$41*B47) -> 50.489853 | G47: =((8.314*288)*(LN(1+1/G21)))^2 -> 345.70356 | H47: =LN(I47) -> 3.3612083 | I47: 28.823997 | J47: =$G$41*EXP(-$H$41*G47) -> 28.373463 | L47: =((8.314*288)*(LN(1+1/L21)))^2 -> 252.51279 | M47: =LN(N47) -> 3.1963759 | N47: 24.443782 | O47: =$L$41*EXP(-$M$41*L47) -> 24.565665 | Y47: 300 | Z47: =((8.314*303)*(LN(1+1/Z21)))^2 -> 8597.1167 | AA47: =LN(AB47) -> 3.9512437 | AB47: 52 | AC47: =$Z$41*EXP(-$AA$41*Z47) -> 52.245886 | AE47: =((8.314*303)*(LN(1+1/AE21)))^2 -> 1641.2118 | AF47: =LN(AG47) -> 3.7410787 | AG47: 42.143425 | AH47: =$AE$41*EXP(-$AF$41*AE47) -> 40.788804 | AJ47: =((8.314*303)*(LN(1+1/AJ21)))^2 -> 509.29388 | AK47: =LN(AL47) -> 3.5787855 | AL47: 35.83 | AM47: =$AJ$41*EXP(-$AK$41*AJ47) -> 37.223993 | AW47: 300 | AX47: =((8.314*318)*(LN(1+1/AX21)))^2 -> 13389.962 | AY47: =LN(AZ47) -> 3.9122216 | AZ47: 50.009932 | BA47: =$AX$41*EXP(-$AY$41*AX47) -> 52.064744 | BC47: =((8.314*318)*(LN(1+1/BC21)))^2 -> 349.11219 | BD47: =LN(BE47) -> 3.2688179 | BE47: 26.280254 | BF47: =$BC$41*EXP(-$BD$41*BC47) -> 25.705828 | BH47: =((8.314*318)*(LN(1+1/BH21)))^2 -> 312.78833 | BI47: =LN(BJ47) -> 3.2060808 | BJ47: 24.682161 | BK47: =$BH$41*EXP(-$BI$41*BH47) -> 25.122146
A48: 400 | B48: =(( 8.314*288)*(LN(1+1/B22)))^2 -> 1924.2863 | C48: =LN(D48) -> 4.1277494 | D48: 62.038141 | E48: =$B$41*EXP(-$C$41*B48) -> 50.55846 | G48: =((8.314*288)*(LN(1+1/G22)))^2 -> 142.61922 | H48: =LN(I48) -> 3.4922561 | I48: 32.86 | J48: =$G$41*EXP(-$H$41*G48) -> 28.379225 | L48: =((8.314*288)*(LN(1+1/L22)))^2 -> 98.983033 | M48: =LN(N48) -> 3.2116988 | N48: 24.821216 | O48: =$L$41*EXP(-$M$41*L48) -> 24.641212 | Y48: 400 | Z48: =((8.314*303)*(LN(1+1/Z22)))^2 -> 6009.0679 | AA48: =LN(AB48) -> 4.1966003 | AB48: 66.46 | AC48: =$Z$41*EXP(-$AA$41*Z48) -> 52.3 | AE48: =((8.314*303)*(LN(1+1/AE22)))^2 -> 302.99421 | AF48: =LN(AG48) -> 3.7844334 | AG48: 44.010727 | AH48: =$AE$41*EXP(-$AF$41*AE48) -> 40.805183 | AJ48: =((8.314*303)*(LN(1+1/AJ22)))^2 -> 280.17894 | AK48: =LN(AL48) -> 3.7135721 | AL48: 41 | AM48: =$AJ$41*EXP(-$AK$41*AJ48) -> 37.26666 | AW48: 400 | AX48: =((8.314*318)*(LN(1+1/AX22)))^2 -> 1167.4004 | AY48: =LN(AZ48) -> 4.0514221 | AZ48: 57.479142 | BA48: =$AX$41*EXP(-$AY$41*AX48) -> 52.576333 | BC48: =((8.314*318)*(LN(1+1/BC22)))^2 -> 151.21641 | BD48: =LN(BE48) -> 3.3322045 | BE48: 28 | BF48: =$BC$41*EXP(-$BD$41*BC48) -> 25.807772 | BH48: =((8.314*318)*(LN(1+1/BH22)))^2 -> 111.52297 | BI48: =LN(BJ48) -> 3.2915457 | BJ48: 26.884386 | BK48: =$BH$41*EXP(-$BI$41*BH48) -> 25.126191
B55: Henry (15±2 ℃) | Z55: Henry (30±3 ℃) | AX55: Henry (45±3 ℃)
B56: Base | F56: Ácido | J56: In natura | Z56: Base | AD56: Ácido | AH56: In natura | AX56: Base | BB56: Ácido | BF56: In natura
A57: Ci | B57: Ce médio | C57: Qe médio | D57: 1/Ce | E57: 1/Qe | F57: Ce médio | G57: Qe médio | H57: 1/Ce | I57: 1/Qe | J57: Ce médio | K57: Qe médio | L57: 1/Ce | M57: 1/Qe | Y57: Ci | Z57: Ce médio | AA57: Qe médio | AB57: 1/Ce | AC57: 1/Qe | AD57: Ce médio | AE57: Qe médio | AF57: 1/Ce | AG57: 1/Qe | AH57: Ce médio | AI57: Qe médio | AJ57: 1/Ce | AK57: 1/Qe | AW57: Ci | AX57: Ce médio | AY57: Qe médio | AZ57: 1/Ce | BA57: 1/Qe | BB57: Ce médio | BC57: Qe médio | BD57: 1/Ce | BE57: 1/Qe | BF57: Ce médio | BG57: Qe médio | BH57: 1/Ce | BI57: 1/Qe
A58: 50 | B58: 2.5304659 | C58: 8.4481309 | D58: =1/B58 -> 0.39518414 | E58: =1/C58 -> 0.11836938 | F58: 27.620072 | G58: 5.05089 | H58: =1/F58 -> 0.036205554 | I58: =1/G58 -> 0.19798491 | J58: 12.924731 | K58: 6.9948991 | L58: =1/J58 -> 0.077371048 | M58: =1/K58 -> 0.14296132 | Y58: 50 | Z58: 4.6810036 | AA58: 6.6012735 | AB58: =1/Z58 -> 0.2136294 | AC58: =1/AA58 -> 0.15148592 | AD58: 7.5483871 | AE58: 6.1973181 | AF58: =1/AD58 -> 0.13247863 | AG58: =1/AE58 -> 0.16136012 | AH58: 15.971326 | AI58: 5.0758592 | AJ58: =1/AH58 -> 0.062612208 | AK58: =1/AI58 -> 0.19701098 | AW58: 50 | AX58: 2.3512545 | AY58: 7.2301235 | AZ58: =1/AX58 -> 0.42530488 | BA58: =1/AY58 -> 0.13831022 | BB58: 9.5197133 | BC58: 6.3265097 | BD58: =1/BB58 -> 0.10504518 | BE58: =1/BC58 -> 0.15806504 | BF58: 5.5770609 | BG58: 6.8361491 | BH58: =1/BF58 -> 0.17930591 | BI58: =1/BG58 -> 0.14628119
A59: 75 | B59: 2.3512545 | C59: 13.042308 | D59: =1/B59 -> 0.42530488 | E59: =1/C59 -> 0.076673547 | F59: 57.189964 | G59: 5.6125469 | H59: =1/F59 -> 0.017485585 | I59: =1/G59 -> 0.17817223 | J59: 32.637993 | K59: 8.8331987 | L59: =1/J59 -> 0.030639139 | M59: =1/K59 -> 0.11320927 | Y59: 75 | Z59: 4.8602151 | AA59: 10.772859 | AB59: =1/Z59 -> 0.20575221 | AC59: =1/AA59 -> 0.092825871 | AD59: 16.688172 | AE59: 9.218975 | AF59: =1/AD59 -> 0.05992268 | AG59: =1/AE59 -> 0.10847193 | AH59: 32.817204 | AI59: 7.0469607 | AJ59: =1/AH59 -> 0.030471822 | AK59: =1/AI59 -> 0.14190515 | AW59: 75 | AX59: 2.5304659 | AY59: 11.019271 | AZ59: =1/AX59 -> 0.39518414 | BA59: =1/AY59 -> 0.090750104 | BB59: 21.34767 | BC59: 8.482349 | BD59: =1/BB59 -> 0.046843519 | BE59: =1/BC59 -> 0.11789187 | BF59: 9.5197133 | BG59: 11.249502 | BH59: =1/BF59 -> 0.10504518 | BI59: =1/BG59 -> 0.088892821
A60: 100 | B60: 6.8315412 | C60: 14.567819 | D60: =1/B60 -> 0.14637985 | E60: =1/C60 -> 0.068644454 | F60: 65 | G60: 7 | H60: =1/F60 -> 0.015384615 | I60: =1/G60 -> 0.14285714 | J60: 38.193548 | K60: 10.497591 | L60: =1/J60 -> 0.026182432 | M60: =1/K60 -> 0.095259955 | Y60: 100 | Z60: 5.9354839 | AA60: 13.901898 | AB60: =1/Z60 -> 0.16847826 | AC60: =1/AA60 -> 0.071932622 | AD60: 26.007168 | AE60: 11.206051 | AF60: =1/AD60 -> 0.038450937 | AG60: =1/AE60 -> 0.089237499 | AH60: 52.351254 | AI60: 7.7938467 | AJ60: =1/AH60 -> 0.019101739 | AK60: =1/AI60 -> 0.12830635 | AW60: 100 | AX60: 2.8888889 | AY60: 14.14382 | AZ60: =1/AX60 -> 0.34615385 | BA60: =1/AY60 -> 0.070702256 | BB60: 31.02509 | BC60: 10.459937 | BD60: =1/BB60 -> 0.032231978 | BE60: =1/BC60 -> 0.095602872 | BF60: 15.971326 | BG60: 12.431901 | BH60: =1/BF60 -> 0.062612208 | BI60: =1/BG60 -> 0.080438222
A61: 150 | B61: 12.387097 | C61: 19.079139 | D61: =1/B61 -> 0.080729167 | E61: =1/C61 -> 0.052413266 | F61: 100.55914 | G61: 7.1687848 | H61: =1/F61 -> 0.0099443969 | I61: =1/G61 -> 0.13949366 | J61: 73.498208 | K61: 10.738209 | L61: =1/J61 -> 0.013605774 | M61: =1/K61 -> 0.0931254 | Y61: 150 | Z61: 5.5770609 | AA61: 18.301509 | AB61: =1/Z61 -> 0.17930591 | AC61: =1/AA61 -> 0.054640303 | AD61: 48.767025 | AE61: 12.400822 | AF61: =1/AD61 -> 0.020505659 | AG61: =1/AE61 -> 0.080639813 | AH61: 76.007168 | AI61: 8.9015447 | AJ61: =1/AH61 -> 0.013156654 | AK61: =1/AI61 -> 0.11234005 | AW61: 150 | AX61: 7.1899642 | AY61: 19.509925 | AZ61: =1/AX61 -> 0.13908275 | BA61: =1/AY61 -> 0.051255964 | BB61: 71.885305 | BC61: 10.991759 | BD61: =1/BB61 -> 0.013911049 | BE61: =1/BC61 -> 0.09097725 | BF61: 53.247312 | BG61: 13.516968 | BH61: =1/BF61 -> 0.018780291 | BI61: =1/BG61 -> 0.07398109
A62: 250 | B62: 48.767025 | C62: 19.86755 | D62: =1/B62 -> 0.020505659 | E62: =1/C62 -> 0.050333333 | F62: 138.55197 | G62: 7.8591862 | H62: =1/F62 -> 0.0072175083 | I62: =1/G62 -> 0.12723964 | J62: 121.16846 | K62: 10.124393 | L62: =1/J62 -> 0.0082529728 | M62: =1/K62 -> 0.098771354 | Y62: 250 | Z62: 25.111111 | AA62: 24.516421 | AB62: =1/Z62 -> 0.039823009 | AC62: =1/AA62 -> 0.040788987 | AD62: 103.0681 | AE62: 14.346576 | AF62: =1/AD62 -> 0.009702323 | AG62: =1/AE62 -> 0.069703043 | AH62: 134.43011 | AI62: 10.193207 | AJ62: =1/AH62 -> 0.0074388098 | AK62: =1/AI62 -> 0.098104552 | AW62: 250 | AX62: 86.939068 | AY62: 26.893178 | AZ62: =1/AX62 -> 0.011502309 | BA62: =1/AY62 -> 0.037184152 | BB62: 217.40502 | BC62: 9.5072137 | BD62: =1/BB62 -> 0.0045997098 | BE62: =1/BC62 -> 0.10518329 | BF62: 167.22581 | BG62: 16.246701 | BH62: =1/BF62 -> 0.0059799383 | BI62: =1/BG62 -> 0.061550956
A63: 350 | Y63: 350 | AW63: 350
B66: Qmax | C66: Ki | D66: Kn | E66: R² | F66: Qmax | G66: Ki | H66: Kn | I66: R² | J66: Qmax | K66: Ki | L66: Kn | M66: R² | Z66: Qmax | AA66: Ki | AB66: Kn | AC66: R² | AD66: Qmax | AE66: Ki | AF66: Kn | AG66: R² | AH66: Qmax | AI66: Ki | AJ66: Kn | AK66: R² | AX66: Qmax | AY66: Ki | AZ66: Kn | BA66: R² | BB66: Qmax | BC66: Ki | BD66: Kn | BE66: R² | BF66: Qmax | BG66: Ki | BH66: Kn | BI66: R²
B67: =1/0.0478 -> 20.920502 | C67: 0.0469 | D67: =0.6478/C67 -> 13.812367 | E67: 0.008 | F67: =1/0.1077 -> 9.2850511 | G67: 0.0337 | H67: =0.0062/G67 -> 0.18397626 | I67: 0.3591 | J67: =1/0.0932 -> 10.729614 | K67: 13.832 | L67: =-19.174/K67 -> -1.3862059 | M67: 0.1551 | Z67: =1/0.027 -> 37.037037 | AA67: 0.0126 | AB67: =0.2199/AA67 -> 17.452381 | AC67: 0.0544 | AD67: =1/0.1077 -> 9.2850511 | AE67: 1.7182 | AF67: =0.0854/AE67 -> 0.049703178 | AG67: 0.0236 | AH67: =1/0.0932 -> 10.729614 | AI67: 9e-05 | AJ67: =0.1006/AI67 -> 1117.7778 | AK67: 1e-06 | AX67: =1/0.0354 -> 28.248588 | AY67: 0.0954 | AZ67: =0.3112/AY67 -> 3.2620545 | BA67: 0.3416 | BB67: =1/0.104 -> 9.6153846 | BC67: 0.744 | BD67: =-0.6824/BC67 -> -0.9172043 | BE67: 0.3098 | BF67: =1/0.0594 -> 16.835017 | BG67: 0.1057 | BH67: =0.0643/BG67 -> 0.60832545 | BI67: 0.4002
B68: Kiselev (15±2 ℃) | Z68: Kiselev (30±3 ℃) | AX68: Kiselev (45±3 ℃)
B69: Base | F69: Ácido | J69: In natura | Z69: Base | AD69: Ácido | AH69: In natura | AX69: Base | BB69: Ácido | BF69: In natura
A70: Ci | B70: θ | C70: 1/θ | D70: 1/Ce(1-θ) | F70: θ | G70: 1/θ | H70: 1/Ce(1-θ) | J70: θ | K70: 1/θ | L70: 1/Ce(1-θ) | Y70: Ci | Z70: θ | AA70: 1/θ | AB70: 1/Ce(1-θ) | AD70: θ | AE70: 1/θ | AF70: 1/Ce(1-θ) | AH70: θ | AI70: 1/θ | AJ70: 1/Ce(1-θ) | AW70: Ci | AX70: θ | AY70: 1/θ | AZ70: 1/Ce(1-θ) | BB70: θ | BC70: 1/θ | BD70: 1/Ce(1-θ) | BF70: θ | BG70: 1/θ | BH70: 1/Ce(1-θ)
A71: 50 | B71: =C58/$B$67 -> 0.40382066 | C71: =1/B71 -> 2.4763468 | D71: =1/(B58*(1-B71)) -> 0.66286117 | F71: =G58/$F$67 -> 0.54398085 | G71: =1/F71 -> 1.8383 | H71: =1/(F58*(1-F71)) -> 0.079394811 | J71: =K58/$J$67 -> 0.65192459 | K71: =1/J71 -> 1.5339197 | L71: =1/(J58*(1-J71)) -> 0.22228243 | Y71: 50 | Z71: =AA58/$Z$67 -> 0.17823439 | AA71: =1/Z71 -> 5.6105897 | AB71: =1/(Z58*(1-Z71)) -> 0.25996391 | AD71: =AE58/$AD$67 -> 0.66745115 | AE71: =1/AD71 -> 1.498237 | AF71: =1/(AD58*(1-AD71)) -> 0.39837346 | AH71: =AI58/$AH$67 -> 0.47307008 | AI71: =1/AH71 -> 2.1138517 | AJ71: =1/(AH58*(1-AH71)) -> 0.11882454 | AW71: 50 | AX71: =AY58/$AX$67 -> 0.25594637 | AY71: =1/AX71 -> 3.9070685 | AZ71: =1/(AX58*(1-AX71)) -> 0.57160514 | BB71: =BC58/$BB$67 -> 0.65795701 | BC71: =1/BB71 -> 1.5198561 | BD71: =1/(BB58*(1-BB71)) -> 0.30711105 | BF71: =BG58/$BF$67 -> 0.40606726 | BG71: =1/BF71 -> 2.4626462 | BH71: =1/(BF58*(1-BF71)) -> 0.30189599
A72: 75 | B72: =C59/$B$67 -> 0.62342232 | C72: =1/B72 -> 1.6040491 | D72: =1/(B59*(1-B72)) -> 1.1293948 | F72: =G59/$F$67 -> 0.6044713 | G72: =1/F72 -> 1.6543383 | H72: =1/(F59*(1-F72)) -> 0.044208133 | J72: =K59/$J$67 -> 0.82325412 | K72: =1/J72 -> 1.2146918 | L72: =1/(J59*(1-J72)) -> 0.17335136 | Y72: 75 | Z72: =AA59/$Z$67 -> 0.29086719 | AA72: =1/Z72 -> 3.4379952 | AB72: =1/(Z59*(1-Z72)) -> 0.29014623 | AD72: =AE59/$AD$67 -> 0.99288361 | AE72: =1/AD72 -> 1.0071674 | AF72: =1/(AD59*(1-AD72)) -> 8.4203731 | AH72: =AI59/$AH$67 -> 0.65677674 | AI72: =1/AH72 -> 1.5225874 | AJ72: =1/(AH59*(1-AH72)) -> 0.088781343 | AW72: 75 | AX72: =AY59/$AX$67 -> 0.3900822 | AY72: =1/AX72 -> 2.5635623 | AZ72: =1/(AX59*(1-AX72)) -> 0.64793015 | BB72: =BC59/$BB$67 -> 0.88216429 | BC72: =1/BB72 -> 1.1335757 | BD72: =1/(BB59*(1-BB72)) -> 0.39753247 | BF72: =BG59/$BF$67 -> 0.66822044 | BG72: =1/BF72 -> 1.4965121 | BH72: =1/(BF59*(1-BF72)) -> 0.31661137
A73: 100 | B73: =C60/$B$67 -> 0.69634176 | C73: =1/B73 -> 1.4360764 | D73: =1/(B60*(1-B73)) -> 0.4820546 | F73: =G60/$F$67 -> 0.7539 | G73: =1/F73 -> 1.3264359 | H73: =1/(F60*(1-F73)) -> 0.062513675 | J73: =K60/$J$67 -> 0.97837544 | K73: =1/J73 -> 1.0221025 | L73: =1/(J60*(1-J73)) -> 1.2107727 | Y73: 100 | Z73: =AA60/$Z$67 -> 0.37535126 | AA73: =1/Z73 -> 2.6641712 | AB73: =1/(Z60*(1-Z73)) -> 0.2697168 | AD73: =AE60/$AD$67 -> 1.2068917 | AE73: =1/AD73 -> 0.82857473 | AF73: =1/(AD60*(1-AD73)) -> -0.18585052 | AH73: =AI60/$AH$67 -> 0.72638651 | AI73: =1/AH73 -> 1.3766776 | AJ73: =1/(AH60*(1-AH73)) -> 0.069812855 | AW73: 100 | AX73: =AY60/$AX$67 -> 0.50069124 | AY73: =1/AX73 -> 1.9972389 | AZ73: =1/(AX60*(1-AX73)) -> 0.69326612 | BB73: =BC60/$BB$67 -> 1.0878334 | BC73: =1/BB73 -> 0.91925838 | BD73: =1/(BB60*(1-BB73)) -> -0.36696708 | BF73: =BG60/$BF$67 -> 0.73845491 | BG73: =1/BF73 -> 1.3541788 | BH73: =1/(BF60*(1-BF73)) -> 0.23939356
A74: 150 | B74: =C61/$B$67 -> 0.91198285 | C74: =1/B74 -> 1.0965119 | D74: =1/(B61*(1-B74)) -> 0.91719811 | F74: =G61/$F$67 -> 0.77207813 | G74: =1/F74 -> 1.2952057 | H74: =1/(F61*(1-F74)) -> 0.043630727 | J74: =K61/$J$67 -> 1.0008011 | K74: =1/J74 -> 0.99919957 | L74: =1/(J61*(1-J74)) -> -16.984501 | Y74: 150 | Z74: =AA61/$Z$67 -> 0.49414074 | AA74: =1/Z74 -> 2.0237149 | AB74: =1/(Z61*(1-Z74)) -> 0.3544581 | AD74: =AE61/$AD$67 -> 1.3355686 | AE74: =1/AD74 -> 0.74874478 | AF74: =1/(AD61*(1-AD74)) -> -0.06110721 | AH74: =AI61/$AH$67 -> 0.82962396 | AI74: =1/AH74 -> 1.2053654 | AJ74: =1/(AH61*(1-AH74)) -> 0.077221269 | AW74: 150 | AX74: =AY61/$AX$67 -> 0.69065133 | AY74: =1/AX74 -> 1.4479086 | AZ74: =1/(AX61*(1-AX74)) -> 0.44959868 | BB74: =BC61/$BB$67 -> 1.1431429 | BC74: =1/BB74 -> 0.87478125 | BD74: =1/(BB61*(1-BB74)) -> -0.097182929 | BF74: =BG61/$BF$67 -> 0.80290788 | BG74: =1/BF74 -> 1.2454729 | BH74: =1/(BF61*(1-BF74)) -> 0.095286868
A75: 250 | B75: =C62/$B$67 -> 0.94966887 | C75: =1/B75 -> 1.0529986 | D75: =1/(B62*(1-B75)) -> 0.40741507 | F75: =G62/$F$67 -> 0.84643435 | G75: =1/F75 -> 1.1814265 | H75: =1/(F62*(1-F75)) -> 0.046999497 | J75: =K62/$J$67 -> 0.94359343 | K75: =1/J75 -> 1.0597785 | L75: =1/(J62*(1-J75)) -> 0.14631225 | Y75: 250 | Z75: =AA62/$Z$67 -> 0.66194337 | AA75: =1/Z75 -> 1.5107032 | AB75: =1/(Z62*(1-Z75)) -> 0.11779982 | AD75: =AE62/$AD$67 -> 1.5451262 | AE75: =1/AD75 -> 0.64719631 | AF75: =1/(AD62*(1-AD75)) -> -0.017798305 | AH75: =AI62/$AH$67 -> 0.95000689 | AI75: =1/AH75 -> 1.0526239 | AJ75: =1/(AH62*(1-AH75)) -> 0.1487967 | AW75: 250 | AX75: =AY62/$AX$67 -> 0.9520185 | AY75: =1/AX75 -> 1.0503998 | AZ75: =1/(AX62*(1-AX75)) -> 0.2397238 | BB75: =BC62/$BB$67 -> 0.98875022 | BC75: =1/BB75 -> 1.0113778 | BD75: =1/(BB62*(1-BB75)) -> 0.40887121 | BF75: =BG62/$BF$67 -> 0.96505406 | BG75: =1/BF75 -> 1.0362114 | BH75: =1/(BF62*(1-BF75)) -> 0.1711197
A76: 350 | Y76: 350 | AW76: 350
B79: Qmax | C79: KE | D79: R² | F79: Qmax | G79: KE | H79: R² | J79: Qmax | K79: KE | L79: R² | Z79: Qmax | AA79: KE | AB79: R² | AD79: Qmax | AE79: KE | AF79: R² | AH79: Qmax | AI79: KE | AJ79: R² | AX79: Qmax | AY79: KE | AZ79: R² | BB79: Qmax | BC79: KE | BD79: R² | BF79: Qmax | BG79: KE | BH79: R²
B80: =-(1/(-2.0125)) -> 0.49689441 | C80: =EXP(6.0028/B80) -> 176422.15 | D80: 0.4962 | F80: =-(1/(-3.0169)) -> 0.33146607 | G80: =EXP(5.2122/F80) -> 6747524 | H80: 0.5728 | J80: =-(1/(-2.107)) -> 0.47460845 | K80: =EXP(1.5764/J80) -> 27.701174 | L80: 0.7606 | Z80: =-(1/(-0.0459)) -> 21.786492 | AA80: =EXP(0.7504/Z80) -> 1.0350434 | AB80: 0.0024 | AD80: =-(1/(-1.9685)) -> 0.50800102 | AE80: =EXP(3.5891/AD80) -> 1170.4497 | AF80: 0.853 | AH80: =-(1/(-2.0313)) -> 0.49229557 | AI80: =EXP(2.2562/AH80) -> 97.809241 | AJ80: 0.9538 | AX80: =-(1/(-1.5447)) -> 0.64737489 | AY80: =EXP(4.9074/AX80) -> 1959.5317 | AZ80: 0.4803 | BB80: =-(1/(-2.6984)) -> 0.37058998 | BC80: =EXP(4.4401/BB80) -> 159718.13 | BD80: 0.3133 | BF80: =-(1/(-2.6656)) -> 0.37515006 | BG80: =EXP(5.1867/BF80) -> 1010208.7 | BH80: 0.6147
B81: Elovich (15±2 ℃) | Z81: Elovich (30±3 ℃) | AX81: Elovich (45±3 ℃)
B82: Base | F82: Ácido | J82: In natura | Z82: Base | AD82: Ácido | AH82: In natura | AX82: Base | BB82: Ácido | BF82: In natura
A83: Ci | B83: Ce médio | C83: Qe médio | D83: ln Qe | E83: ln Qe/Ce | F83: Ce médio | G83: Qe médio | H83: ln Qe | I83: ln Qe/Ce | J83: Ce médio | K83: Qe médio | L83: ln Qe | M83: ln Qe/Ce | Y83: Ci | Z83: Ce médio | AA83: Qe médio | AB83: ln Qe | AC83: ln Qe/Ce | AD83: Ce médio | AE83: Qe médio | AF83: ln Qe | AG83: ln Qe/Ce | AH83: Ce médio | AI83: Qe médio | AJ83: ln Qe | AK83: ln Qe/Ce | AW83: Ci | AX83: Ce médio | AY83: Qe médio | AZ83: ln Qe | BA83: ln Qe/Ce | BB83: Ce médio | BC83: Qe médio | BD83: ln Qe | BE83: ln Qe/Ce | BF83: Ce médio | BG83: Qe médio | BH83: ln Qe | BI83: ln Qe/Ce
A84: 50 | B84: 2.5304659 | C84: 8.4481309 | D84: =LN(C84) -> 2.1339452 | E84: =LN(C84/B84) -> 1.2055418 | F84: 27.620072 | G84: 5.05089 | H84: =LN(G84) -> 1.6195645 | I84: =LN(G84/F84) -> -1.6989783 | J84: 12.924731 | K84: 6.9948991 | L84: =LN(K84) -> 1.9451812 | M84: =LN(K84/J84) -> -0.61396144 | Y84: 50 | Z84: 4.6810036 | AA84: 6.6012735 | AB84: =LN(AA84) -> 1.8872626 | AC84: =LN(AA84/Z84) -> 0.34375006 | AD84: 7.5483871 | AE84: 6.1973181 | AF84: =LN(AE84) -> 1.8241166 | AG84: =LN(AE84/AD84) -> -0.19721728 | AH84: 15.971326 | AI84: 5.0758592 | AJ84: =LN(AI84) -> 1.6244958 | AK84: =LN(AI84/AH84) -> -1.1462992 | AW84: 50 | AX84: 2.3512545 | AY84: 7.2301235 | AZ84: =LN(AY84) -> 1.9782561 | BA84: =LN(AY84/AX84) -> 1.1233071 | BB84: 9.5197133 | BC84: 6.3265097 | BD84: =LN(BC84) -> 1.8447487 | BE84: =LN(BC84/BB84) -> -0.40861603 | BF84: 5.5770609 | BG84: 6.8361491 | BH84: =LN(BG84) -> 1.9222246 | BI84: =LN(BG84/BF84) -> 0.20356266
A85: 75 | B85: 2.3512545 | C85: 13.042308 | D85: =LN(C85) -> 2.5681985 | E85: =LN(C85/B85) -> 1.7132495 | F85: 57.189964 | G85: 5.6125469 | H85: =LN(G85) -> 1.7250046 | I85: =LN(G85/F85) -> -2.3213738 | J85: 32.637993 | K85: 8.8331987 | L85: =LN(K85) -> 2.1785172 | M85: =LN(K85/J85) -> -1.3069598 | Y85: 75 | Z85: 4.8602151 | AA85: 10.772859 | AB85: =LN(AA85) -> 2.3770299 | AC85: =LN(AA85/Z85) -> 0.79594721 | AD85: 16.688172 | AE85: 9.218975 | AF85: =LN(AE85) -> 2.2212639 | AG85: =LN(AE85/AD85) -> -0.59343635 | AH85: 32.817204 | AI85: 7.0469607 | AJ85: =LN(AI85) -> 1.9525964 | AK85: =LN(AI85/AH85) -> -1.5383565 | AW85: 75 | AX85: 2.5304659 | AY85: 11.019271 | AZ85: =LN(AY85) -> 2.3996457 | BA85: =LN(AY85/AX85) -> 1.4712422 | BB85: 21.34767 | BC85: 8.482349 | BD85: =LN(BC85) -> 2.1379874 | BE85: =LN(BC85/BB85) -> -0.9229552 | BF85: 9.5197133 | BG85: 11.249502 | BH85: =LN(BG85) -> 2.4203239 | BI85: =LN(BG85/BF85) -> 0.16695917
A86: 100 | B86: 6.8315412 | C86: 14.567819 | D86: =LN(C86) -> 2.6788149 | E86: =LN(C86/B86) -> 0.75726463 | F86: 65 | G86: 7 | H86: =LN(G86) -> 1.9459101 | I86: =LN(G86/F86) -> -2.2284771 | J86: 38.193548 | K86: 10.497591 | L86: =LN(K86) -> 2.3511458 | M86: =LN(K86/J86) -> -1.2915209 | Y86: 100 | Z86: 5.9354839 | AA86: 13.901898 | AB86: =LN(AA86) -> 2.6320254 | AC86: =LN(AA86/Z86) -> 0.85107685 | AD86: 26.007168 | AE86: 11.206051 | AF86: =LN(AE86) -> 2.4164539 | AG86: =LN(AE86/AD86) -> -0.84191827 | AH86: 52.351254 | AI86: 7.7938467 | AJ86: =LN(AI86) -> 2.0533345 | AK86: =LN(AI86/AH86) -> -1.9046414 | AW86: 100 | AX86: 2.8888889 | AY86: 14.14382 | AZ86: =LN(AY86) -> 2.6492778 | BA86: =LN(AY86/AX86) -> 1.5884058 | BB86: 31.02509 | BC86: 10.459937 | BD86: =LN(BC86) -> 2.3475524 | BE86: =LN(BC86/BB86) -> -1.0872438 | BF86: 15.971326 | BG86: 12.431901 | BH86: =LN(BG86) -> 2.5202658 | BI86: =LN(BG86/BF86) -> -0.25052918
A87: 150 | B87: 12.387097 | C87: 19.079139 | D87: =LN(C87) -> 2.9485955 | E87: =LN(C87/B87) -> 0.43194019 | F87: 100.55914 | G87: 7.1687848 | H87: =LN(G87) -> 1.9697362 | I87: =LN(G87/F87) -> -2.6410098 | J87: 73.498208 | K87: 10.738209 | L87: =LN(K87) -> 2.3738083 | M87: =LN(K87/J87) -> -1.9234527 | Y87: 150 | Z87: 5.5770609 | AA87: 18.301509 | AB87: =LN(AA87) -> 2.9069835 | AC87: =LN(AA87/Z87) -> 1.1883216 | AD87: 48.767025 | AE87: 12.400822 | AF87: =LN(AE87) -> 2.5177628 | AG87: =LN(AE87/AD87) -> -1.3692916 | AH87: 76.007168 | AI87: 8.9015447 | AJ87: =LN(AI87) -> 2.1862248 | AK87: =LN(AI87/AH87) -> -2.1446028 | AW87: 150 | AX87: 7.1899642 | AY87: 19.509925 | AZ87: =LN(AY87) -> 2.9709233 | BA87: =LN(AY87/AX87) -> 0.99823711 | BB87: 71.885305 | BC87: 10.991759 | BD87: =LN(BC87) -> 2.3971458 | BE87: =LN(BC87/BB87) -> -1.8779261 | BF87: 53.247312 | BG87: 13.516968 | BH87: =LN(BG87) -> 2.6039458 | BI87: =LN(BG87/BF87) -> -1.3710016
A88: 250 | B88: 48.767025 | C88: 19.86755 | D88: =LN(C88) -> 2.9890877 | E88: =LN(C88/B88) -> -0.89796664 | F88: 138.55197 | G88: 7.8591862 | H88: =LN(G88) -> 2.0616831 | I88: =LN(G88/F88) -> -2.8695624 | J88: 121.16846 | K88: 10.124393 | L88: =LN(K88) -> 2.3149477 | M88: =LN(K88/J88) -> -2.4822341 | Y88: 250 | Z88: 25.111111 | AA88: 24.516421 | AB88: =LN(AA88) -> 3.1993431 | AC88: =LN(AA88/Z88) -> -0.023967274 | AD88: 103.0681 | AE88: 14.346576 | AF88: =LN(AE88) -> 2.6635113 | AG88: =LN(AE88/AD88) -> -1.9718786 | AH88: 134.43011 | AI88: 10.193207 | AJ88: =LN(AI88) -> 2.3217215 | AK88: =LN(AI88/AH88) -> -2.5793229 | AW88: 250 | AX88: 86.939068 | AY88: 26.893178 | AZ88: =LN(AY88) -> 3.2918726 | BA88: =LN(AY88/AX88) -> -1.1733349 | BB88: 217.40502 | BC88: 9.5072137 | BD88: =LN(BC88) -> 2.2520508 | BE88: =LN(BC88/BB88) -> -3.1297112 | BF88: 167.22581 | BG88: 16.246701 | BH88: =LN(BG88) -> 2.7878899 | BI88: =LN(BG88/BF88) -> -2.3314551
A89: 350 | Y89: 350 | AW89: 350
B92: nH | C92: KH | D92: R² | F92: nH | G92: KH | H92: R² | J92: nH | K92: KH | L92: R² | Z92: nH | AA92: KH | AB92: R² | AD92: nH | AE92: KH | AF92: R² | AH92: nH | AI92: KH | AJ92: R² | AX92: nH | AY92: KH | AZ92: R² | BB92: nH | BC92: KH | BD92: R² | BF92: nH | BG92: KH | BH92: R²
B93: 0.0821 | C93: =EXP(-2.1839) -> 0.11260153 | D93: 0.6703 | F93: 0.4982 | G93: =EXP(-1.9562) -> 0.1413947 | H93: 0.7752 | J93: 0.1098 | K93: =EXP(-2.0123) -> 0.13368085 | L93: 0.1837 | Z93: 0.0559 | AA93: =EXP(-2.4656) -> 0.084957852 | AB93: 0.2809 | AD93: -0.0476 | AE93: =EXP(-2.0213) -> 0.13248313 | AF93: 0.2418 | AH93: 0.2766 | AI93: =EXP(-2.0031) -> 0.13491639 | AJ93: 0.9584 | AX93: 0.1219 | AY93: =EXP(-2.3132) -> 0.098944123 | AZ93: 0.9209 | BB93: 0.1949 | BC93: =EXP(-1.9759) -> 0.13863648 | BD93: 0.5501 | BF93: 0.302 | BG93: =EXP(-2.0303) -> 0.13129613 | BH93: 0.89
B94: Flory-Huggins (15±2 ℃) | Z94: Flory-Huggins (30±3 ℃) | AX94: Flory-Huggins (45±3 ℃)
B95: Base | F95: Ácido | J95: In natura | Z95: Base | AD95: Ácido | AH95: In natura | AX95: Base | BB95: Ácido | BF95: In natura
A96: Ci | B96: θ | C96: Ci | D96: log (1-θ) | E96: log (θ/Ci) | F96: θ | G96: Ci | H96: log (1-θ) | I96: log (θ/Ci) | J96: θ | K96: Ci | L96: log (1-θ) | M96: log (θ/Ci) | Y96: Ci | Z96: θ | AA96: Ci | AB96: log (1-θ) | AC96: log (θ/Ci) | AD96: θ | AE96: Ci | AF96: log (1-θ) | AG96: log (θ/Ci) | AH96: θ | AI96: Ci | AJ96: log (1-θ) | AK96: log (θ/Ci) | AW96: Ci | AX96: θ | AY96: Ci | AZ96: log (1-θ) | BA96: log (θ/Ci) | BB96: θ | BC96: Ci | BD96: log (1-θ) | BE96: log (θ/Ci) | BF96: θ | BG96: Ci | BH96: log (1-θ) | BI96: log (θ/Ci)
A97: 50 | B97: 0.40382066 | C97: 66.508961 | D97: =LOG(1-B97) -> -0.22462308 | E97: =LOG(B97/C97) -> -2.2166916 | F97: 0.54398085 | G97: 66.508961 | H97: =LOG(1-F97) -> -0.34101692 | I97: =LOG(F97/G97) -> -2.0872965 | J97: 0.65192459 | K97: 66.508961 | L97: =LOG(1-J97) -> -0.45832666 | M97: =LOG(J97/K97) -> -2.0086828 | Y97: 50 | Z97: 0.17823439 | AA97: 54.322581 | AB97: =LOG(1-Z97) -> -0.085252035 | AC97: =LOG(Z97/AA97) -> -2.4839889 | AD97: =AE84/$AD$67 -> 0.66745115 | AE97: 54.322581 | AF97: =LOG(1-AD97) -> -0.47814456 | AG97: =LOG(AD97/AE97) -> -1.9105609 | AH97: =AI84/$AH$67 -> 0.47307008 | AI97: 54.322581 | AJ97: =LOG(1-AH97) -> -0.27824714 | AK97: =LOG(AH97/AI97) -> -2.0600549 | AW97: 50 | AX97: 0.25594637 | AY97: 57.189964 | AZ97: =LOG(1-AX97) -> -0.12839576 | BA97: =LOG(AX97/AY97) -> -2.3491708 | BB97: 0.65795701 | BC97: 57.189964 | BD97: =LOG(1-BB97) -> -0.46591931 | BE97: =LOG(BB97/BC97) -> -1.9391223 | BF97: 0.40606726 | BG97: 57.189964 | BH97: =LOG(1-BF97) -> -0.22626273 | BI97: =LOG(BF97/BG97) -> -2.1487219
A98: 75 | B98: 0.62342232 | C98: 100.55914 | D98: =LOG(1-B98) -> -0.42414542 | E98: =LOG(B98/C98) -> -2.2076392 | F98: 0.6044713 | G98: 100.55914 | H98: =LOG(1-F98) -> -0.40282199 | I98: =LOG(F98/G98) -> -2.2210459 | J98: 0.82325412 | K98: 100.55914 | L98: =LOG(1-J98) -> -0.7526507 | M98: =LOG(J98/K98) -> -2.0868876 | Y98: 75 | Z98: 0.29086719 | AA98: 86.222222 | AB98: =LOG(1-Z98) -> -0.14927242 | AC98: =LOG(Z98/AA98) -> -2.4719245 | AD98: =AE85/$AD$67 -> 0.99288361 | AE98: 86.222222 | AF98: =LOG(1-AD98) -> -2.1477401 | AG98: =LOG(AD98/AE98) -> -1.9387209 | AH98: =AI85/$AH$67 -> 0.65677674 | AI98: 86.222222 | AJ98: =LOG(1-AH98) -> -0.46442329 | AK98: =LOG(AH98/AI98) -> -2.1182014 | AW98: 75 | AX98: 0.3900822 | AY98: 85.863799 | AZ98: =LOG(1-AX98) -> -0.21472869 | BA98: =LOG(AX98/AY98) -> -2.342654 | BB98: 0.88216429 | BC98: 85.863799 | BD98: =LOG(1-BB98) -> -0.92872309 | BE98: =LOG(BB98/BC98) -> -1.9882606 | BF98: 0.66822044 | BG98: 85.863799 | BH98: =LOG(1-BF98) -> -0.47915038 | BI98: =LOG(BF98/BG98) -> -2.1088903
A99: 100 | B99: 0.69634176 | C99: 118.48029 | D99: =LOG(1-B99) -> -0.51761493 | E99: =LOG(B99/C99) -> -2.2308237 | F99: 0.7539 | G99: 118.48029 | H99: =LOG(1-F99) -> -0.60888839 | I99: =LOG(F99/G99) -> -2.1963324 | J99: 0.97837544 | K99: 118.48029 | L99: =LOG(1-J99) -> -1.6650526 | M99: =LOG(J99/K99) -> -2.0831406 | Y99: 100 | Z99: 0.37535126 | AA99: 111.31183 | AB99: =LOG(1-Z99) -> -0.20436413 | AC99: =LOG(Z99/AA99) -> -2.4721034 | AD99: =AE86/$AD$67 -> 1.2068917 | AE99: 111.31183 | AF99: =LOG(1-AD99) -> #NUM! | AG99: =LOG(AD99/AE99) -> -1.964873 | AH99: =AI86/$AH$67 -> 0.72638651 | AI99: 111.31183 | AJ99: =LOG(1-AH99) -> -0.56286249 | AK99: =LOG(AH99/AI99) -> -2.1853735 | AW99: 100 | AX99: 0.50069124 | AY99: 110.23656 | AZ99: =LOG(1-AX99) -> -0.30163081 | BA99: =LOG(AX99/AY99) -> -2.3427557 | BB99: 1.0878334 | BC99: 110.23656 | BD99: =LOG(1-BB99) -> #NUM! | BE99: =LOG(BB99/BC99) -> -2.0057632 | BF99: 0.73845491 | BG99: 110.23656 | BH99: =LOG(1-BF99) -> -0.58245344 | BI99: =LOG(BF99/BG99) -> -2.1740017
A100: 150 | B100: 0.91198285 | C100: 155.75627 | D100: =LOG(1-B100) -> -1.0554327 | E100: =LOG(B100/C100) -> -2.2324589 | F100: 0.77207813 | G100: 155.75627 | H100: =LOG(1-F100) -> -0.642214 | I100: =LOG(F100/G100) -> -2.3047843 | J100: 1.0008011 | K100: 155.75627 | M100: =LOG(J100/K100) -> -2.1920978 | Y100: 150 | Z100: 0.49414074 | AA100: 143.56989 | AB100: =LOG(1-Z100) -> -0.2959703 | AC100: =LOG(Z100/AA100) -> -2.4632127 | AD100: =AE87/$AD$67 -> 1.3355686 | AE100: 143.56989 | AF100: =LOG(1-AD100) -> #NUM! | AG100: =LOG(AD100/AE100) -> -2.0313972 | AH100: =AI87/$AH$67 -> 0.82962396 | AI100: 143.56989 | AJ100: =LOG(1-AH100) -> -0.76859149 | AK100: =LOG(AH100/AI100) -> -2.2381821 | AW100: 150 | AX100: 0.69065133 | AY100: 154.681 | AZ100: =LOG(1-AX100) -> -0.50955175 | BA100: =LOG(AX100/AY100) -> -2.3501781 | BB100: 1.1431429 | BC100: 154.681 | BD100: =LOG(1-BB100) -> #NUM! | BE100: =LOG(BB100/BC100) -> -2.1313364 | BF100: 0.80290788 | BG100: 154.681 | BH100: =LOG(1-BF100) -> -0.70533074 | BI100: =LOG(BF100/BG100) -> -2.2847713
A101: 250 | B101: 0.94966887 | C101: 198.76703 | D101: =LOG(1-B101) -> -1.2981634 | E101: =LOG(B101/C101) -> -2.3207721 | F101: 0.84643435 | G101: 198.76703 | H101: =LOG(1-F101) -> -0.81370592 | I101: =LOG(F101/G101) -> -2.3707511 | J101: 0.94359343 | K101: 198.76703 | L101: =LOG(1-J101) -> -1.2486703 | M101: =LOG(J101/K101) -> -2.3235594 | Y101: 250 | Z101: 0.66194337 | AA101: 211.31183 | AB101: =LOG(1-Z101) -> -0.47101055 | AC101: =LOG(Z101/AA101) -> -2.504103 | AD101: =AE88/$AD$67 -> 1.5451262 | AE101: 211.31183 | AF101: =LOG(1-AD101) -> #NUM! | AG101: =LOG(AD101/AE101) -> -2.1359598 | AH101: =AI88/$AH$67 -> 0.95000689 | AI101: 211.31183 | AJ101: =LOG(1-AH101) -> -1.3010898 | AK101: =LOG(AH101/AI101) -> -2.3471971 | AW101: 250 | AX101: 0.9520185 | AY101: 289.44803 | AZ101: =LOG(1-AX101) -> -1.3189261 | BA101: =LOG(AX101/AY101) -> -2.4829252 | BB101: 0.98875022 | BC101: 289.44803 | BD101: =LOG(1-BB101) -> -1.9488561 | BE101: =LOG(BB101/BC101) -> -2.466484 | BF101: 0.96505406 | BG101: 289.44803 | BH101: =LOG(1-BF101) -> -1.4566033 | BI101: =LOG(BF101/BG101) -> -2.477019
A102: 350 | Y102: 350 | AW102: 350
B105: Qmax | C105: KJ | D105: R² | E105: Qmax | F105: KJ | G105: R² | H105: Qmax | I105: KJ | J105: R² | Z105: Qmax | AA105: KJ | AB105: R² | AC105: Qmax | AD105: KJ | AE105: R² | AF105: Qmax | AG105: KJ | AH105: R² | AX105: Qmax | AY105: KJ | AZ105: R² | BA105: Qmax | BB105: KJ | BC105: R² | BD105: Qmax | BE105: KJ | BF105: R²
B106: =-EXP(2.4927) -> -12.093886 | C106: -0.0117 | D106: 0.4411 | E106: =-EXP(1.5614) -> -4.7654883 | F106: -0.0039 | G106: 0.8161 | H106: =-EXP(2.0844) -> -8.0397662 | I106: -0.0027 | J106: 0.4086 | Z106: =EXP(2.2353) -> 9.3492862 | AA106: -0.0396 | AB106: 0.4888 | AC106: =EXP(2.0491) -> 7.7609131 | AD106: -0.0069 | AE106: 0.6629 | AF106: =EXP(1.7052) -> 5.5024861 | AG106: -0.0052 | AH106: 0.8124 | AX106: =EXP(2.4559) -> 11.65692 | AY106: -0.0099 | AZ106: 0.5311 | BA106: =EXP(2.1316) -> 8.4283414 | BB106: -0.0009 | BC106: 0.1269 | BD106: =EXP(2.2815) -> 9.7913564 | BE106: -0.0034 | BF106: 0.4973
B107: Javanovic (15±2 ℃) | Z107: Javanovic (30±3 ℃) | AX107: Javanovic (45±3 ℃)
B108: Base | E108: Ácido | H108: In natura | Z108: Base | AC108: Ácido | AF108: In natura | AX108: Base | BA108: Ácido | BD108: In natura
A109: Ci | B109: Ce médio | C109: Qe médio | D109: ln Qe | E109: Ce médio | F109: Qe médio | G109: ln Qe | H109: Ce médio | I109: Qe médio | J109: ln Qe | Y109: Ci | Z109: Ce médio | AA109: Qe médio | AB109: ln Qe | AC109: Ce médio | AD109: Qe médio | AE109: ln Qe | AF109: Ce médio | AG109: Qe médio | AH109: ln Qe | AW109: Ci | AX109: Ce médio | AY109: Qe médio | AZ109: ln Qe | BA109: Ce médio | BB109: Qe médio | BC109: ln Qe | BD109: Ce médio | BE109: Qe médio | BF109: ln Qe
A110: 50 | B110: 2.5304659 | C110: 8.4481309 | D110: =LN(C110) -> 2.1339452 | E110: 27.620072 | F110: 5.05089 | G110: =LN(F110) -> 1.6195645 | H110: 12.924731 | I110: 6.9948991 | J110: =LN(I110) -> 1.9451812 | Y110: 50 | Z110: 4.6810036 | AA110: 6.6012735 | AB110: =LN(AA110) -> 1.8872626 | AC110: 7.5483871 | AD110: 6.1973181 | AE110: =LN(AD110) -> 1.8241166 | AF110: 15.971326 | AG110: 5.0758592 | AH110: =LN(AG110) -> 1.6244958 | AW110: 50 | AX110: 2.3512545 | AY110: 7.2301235 | AZ110: =LN(AY110) -> 1.9782561 | BA110: 9.5197133 | BB110: 6.3265097 | BC110: =LN(BB110) -> 1.8447487 | BD110: 5.5770609 | BE110: 6.8361491 | BF110: =LN(BE110) -> 1.9222246
A111: 75 | B111: 2.3512545 | C111: 13.042308 | D111: =LN(C111) -> 2.5681985 | E111: 57.189964 | F111: 5.6125469 | G111: =LN(F111) -> 1.7250046 | H111: 32.637993 | I111: 8.8331987 | J111: =LN(I111) -> 2.1785172 | Y111: 75 | Z111: 4.8602151 | AA111: 10.772859 | AB111: =LN(AA111) -> 2.3770299 | AC111: 16.688172 | AD111: 9.218975 | AE111: =LN(AD111) -> 2.2212639 | AF111: 32.817204 | AG111: 7.0469607 | AH111: =LN(AG111) -> 1.9525964 | AW111: 75 | AX111: 2.5304659 | AY111: 11.019271 | AZ111: =LN(AY111) -> 2.3996457 | BA111: 21.34767 | BB111: 8.482349 | BC111: =LN(BB111) -> 2.1379874 | BD111: 9.5197133 | BE111: 11.249502 | BF111: =LN(BE111) -> 2.4203239
A112: 100 | B112: 6.8315412 | C112: 14.567819 | D112: =LN(C112) -> 2.6788149 | E112: 65 | F112: 7 | G112: =LN(F112) -> 1.9459101 | H112: 38.193548 | I112: 10.497591 | J112: =LN(I112) -> 2.3511458 | Y112: 100 | Z112: 5.9354839 | AA112: 13.901898 | AB112: =LN(AA112) -> 2.6320254 | AC112: 26.007168 | AD112: 11.206051 | AE112: =LN(AD112) -> 2.4164539 | AF112: 52.351254 | AG112: 7.7938467 | AH112: =LN(AG112) -> 2.0533345 | AW112: 100 | AX112: 2.8888889 | AY112: 14.14382 | AZ112: =LN(AY112) -> 2.6492778 | BA112: 31.02509 | BB112: 10.459937 | BC112: =LN(BB112) -> 2.3475524 | BD112: 15.971326 | BE112: 12.431901 | BF112: =LN(BE112) -> 2.5202658
A113: 150 | B113: 12.387097 | C113: 19.079139 | D113: =LN(C113) -> 2.9485955 | E113: 100.55914 | F113: 7.1687848 | G113: =LN(F113) -> 1.9697362 | H113: 73.498208 | I113: 10.738209 | J113: =LN(I113) -> 2.3738083 | Y113: 150 | Z113: 5.5770609 | AA113: 18.301509 | AB113: =LN(AA113) -> 2.9069835 | AC113: 48.767025 | AD113: 12.400822 | AE113: =LN(AD113) -> 2.5177628 | AF113: 76.007168 | AG113: 8.9015447 | AH113: =LN(AG113) -> 2.1862248 | AW113: 150 | AX113: 7.1899642 | AY113: 19.509925 | AZ113: =LN(AY113) -> 2.9709233 | BA113: 71.885305 | BB113: 10.991759 | BC113: =LN(BB113) -> 2.3971458 | BD113: 53.247312 | BE113: 13.516968 | BF113: =LN(BE113) -> 2.6039458
A114: 250 | B114: 48.767025 | C114: 19.86755 | D114: =LN(C114) -> 2.9890877 | E114: 138.55197 | F114: 7.8591862 | G114: =LN(F114) -> 2.0616831 | H114: 121.16846 | I114: 10.124393 | J114: =LN(I114) -> 2.3149477 | Y114: 250 | Z114: 25.111111 | AA114: 24.516421 | AB114: =LN(AA114) -> 3.1993431 | AC114: 103.0681 | AD114: 14.346576 | AE114: =LN(AD114) -> 2.6635113 | AF114: 134.43011 | AG114: 10.193207 | AH114: =LN(AG114) -> 2.3217215 | AW114: 250 | AX114: 86.939068 | AY114: 26.893178 | AZ114: =LN(AY114) -> 3.2918726 | BA114: 217.40502 | BB114: 9.5072137 | BC114: =LN(BB114) -> 2.2520508 | BD114: 167.22581 | BE114: 16.246701 | BF114: =LN(BE114) -> 2.7878899
A115: 350 | Y115: 350 | AW115: 350
B122: 1/AH–J | C122: AHJ | D122: BHJ | E122: R² | G122: 1/AH–J | H122: AHJ | I122: BHJ | J122: R² | L122: 1/AH–J | M122: AHJ | N122: BHJ | O122: R² | Z122: 1/AH–J | AA122: AHJ | AB122: BHJ | AC122: R² | AE122: 1/AH–J | AF122: AHJ | AG122: BHJ | AH122: R² | AJ122: 1/AH–J | AK122: AHJ | AL122: BHJ | AM122: R² | AX122: 1/AH–J | AY122: AHJ | AZ122: BHJ | BA122: R² | BC122: 1/AH–J | BD122: AHJ | BE122: BHJ | BF122: R² | BH122: 1/AH–J | BI122: AHJ | BJ122: BHJ | BK122: R²
B123: =-(-0.0015) -> 0.0015 | C123: =-(1/(-0.0015)) -> 666.66667 | D123: =0.0025*C123 -> 1.6666667 | E123: 0.758 | G123: =-(-0.0013) -> 0.0013 | H123: =-(1/(-0.0013)) -> 769.23077 | I123: =0.004*H123 -> 3.0769231 | J123: 0.9874 | L123: =-(-0.0023) -> 0.0023 | M123: =-(1/(-0.0023)) -> 434.78261 | N123: =0.0067*M123 -> 2.9130435 | O123: 0.8737 | Z123: =-(-0.0018) -> 0.0018 | AA123: =-(1/(-0.0018)) -> 555.55556 | AB123: =0.0028*AA123 -> 1.5555556 | AC123: 0.8704 | AE123: =-(-0.0013) -> 0.0013 | AF123: =-(1/(-0.0013)) -> 769.23077 | AG123: =0.0029*AF123 -> 2.2307692 | AH123: 0.8846 | AJ123: =-(-0.0018) -> 0.0018 | AK123: =-(1/(-0.0018)) -> 555.55556 | AL123: =0.0042*AK123 -> 2.3333333 | AM123: 0.74 | AX123: =-(-0.0015) -> 0.0015 | AY123: =-(1/(-0.0015)) -> 666.66667 | AZ123: =0.0027*AY123 -> 1.8 | BA123: 0.6155 | BC123: =-(0.0028) -> -0.0028 | BD123: =-(1/(-0.0028)) -> 357.14286 | BE123: =0.0076*BD123 -> 2.7142857 | BF123: 0.9866 | BH123: =-(-0.001) -> 0.001 | BI123: =-(1/(-0.001)) -> 1000 | BJ123: =0.0038*BI123 -> 3.8 | BK123: 0.992
B124: Harkin-Jura (15±2 ℃) | Z124: Harkin-Jura (30±3 ℃) | AX124: Harkin-Jura (45±3 ℃)
B125: Base | G125: Ácido | L125: In natura | Z125: Base | AE125: Ácido | AJ125: In natura | AX125: Base | BC125: Ácido | BH125: In natura
A126: Ci | B126: Ce médio | C126: Qe médio | D126: log Ce | E126: 1/Qe² | F126: Qe Cal | G126: Ce médio | H126: Qe médio | I126: log Ce | J126: 1/Qe² | K126: Qe Cal | L126: Ce médio | M126: Qe médio | N126: log Ce | O126: 1/Qe² | P126: Qe Cal | Y126: Ci | Z126: Ce médio | AA126: Qe médio | AB126: log Ce | AC126: 1/Qe² | AD126: Qe Cal | AE126: Ce médio | AF126: Qe médio | AG126: log Ce | AH126: 1/Qe² | AI126: Qe Cal | AJ126: Ce médio | AK126: Qe médio | AL126: log Ce | AM126: 1/Qe² | AN126: Qe Cal | AW126: Ci | AX126: Ce médio | AY126: Qe médio | AZ126: log Ce | BA126: 1/Qe² | BB126: Qe Cal | BC126: Ce médio | BD126: Qe médio | BE126: log Ce | BF126: 1/Qe² | BG126: Qe Cal | BH126: Ce médio | BI126: Qe médio | BJ126: log Ce | BK126: 1/Qe² | BL126: Qe Cal
A127: 100 | B127: 1.01 | C127: 17.91 | D127: =LOG(B127) -> 0.0043213738 | E127: =1/(C127^2) -> 0.003117517 | F127: =($C$123/($D$123-LOG(B127)))^(1/2) -> 20.025979 | G127: 3.4302741 | H127: 17.421534 | I127: =LOG(G127) -> 0.53532883 | J127: =1/(H127^2) -> 0.0032947862 | K127: =($H$123/($I$123-LOG(G127)))^(1/2) -> 17.397034 | L127: 14.455304 | M127: 15.216528 | N127: =LOG(L127) -> 1.1600272 | O127: =1/(M127^2) -> 0.0043188576 | P127: =($M$123/($N$123-LOG(L127)))^(1/2) -> 15.748642 | Y127: 100 | Z127: 1.05 | AA127: 17.9 | AB127: =LOG(Z127) -> 0.021189299 | AC127: =1/(AA127^2) -> 0.0031210012 | AD127: =($AA$123/($AB$123-AB127))^(1/2) -> 19.028267 | AE127: 1.03 | AF127: 17.9 | AG127: =LOG(AE127) -> 0.012837225 | AH127: =1/(AF127^2) -> 0.0031210012 | AI127: =($AF$123/($AG$123-(LOG(AE127))))^(1/2) -> 18.623196 | AJ127: 5.7914184 | AK127: 16.949305 | AL127: =LOG(AJ127) -> 0.76278494 | AM127: =1/(AK127^2) -> 0.0034809375 | AN127: =($AK$123/($AL$123-AL127))^(1/2) -> 18.807804 | AW127: 100 | AX127: 1.7914184 | AY127: 17.749305 | AZ127: =LOG(AX127) -> 0.25319702 | BA127: =1/(AY127^2) -> 0.0031742221 | BB127: =($AY$123/($AZ$123-(LOG(AX127))))^(1/2) -> 20.760455 | BC127: 14.902265 | BD127: 15.127135 | BE127: =LOG(BC127) -> 1.1732523 | BF127: =1/(BD127^2) -> 0.004370052 | BG127: =($BD$123/($BE$123-(LOG(BC127))))^(1/2) -> 15.223515 | BH127: 3.4302741 | BI127: 17.421534 | BJ127: =LOG(BH127) -> 0.53532883 | BK127: =1/(BI127^2) -> 0.0032947862 | BL127: =($BI$123/($BJ$123-(LOG(BH127))))^(1/2) -> 17.501702
A128: 200 | B128: 4.3241955 | C128: 38.776321 | D128: =LOG(B128) -> 0.63590532 | E128: =1/(C128^2) -> 0.00066506914 | F128: =($C$123/($D$123-LOG(B128)))^(1/2) -> 25.431695 | G128: 77.774732 | H128: 24.086214 | I128: =LOG(G128) -> 1.8908385 | J128: =1/(H128^2) -> 0.0017237049 | K128: =($H$123/($I$123-LOG(G128)))^(1/2) -> 25.466573 | L128: 77.178784 | M128: 24.205403 | N128: =LOG(L128) -> 1.8874979 | O128: =1/(M128^2) -> 0.0017067714 | P128: =($M$123/($N$123-LOG(L128)))^(1/2) -> 20.590107 | Y128: 200 | Z128: 5.8140644 | AA128: 38.478347 | AB128: =LOG(Z128) -> 0.76447984 | AC128: =1/(AA128^2) -> 0.00067540953 | AD128: =($AA$123/($AB$123-AB128))^(1/2) -> 26.50054 | AE128: 16.392133 | AF128: 36.362733 | AG128: =LOG(AE128) -> 1.2146355 | AH128: =1/(AF128^2) -> 0.00075628756 | AI128: =($AF$123/($AG$123-(LOG(AE128))))^(1/2) -> 27.513946 | AJ128: 19.073897 | AK128: 32.254748 | AL128: =LOG(AJ128) -> 1.2804394 | AM128: =1/(AK128^2) -> 0.00096119765 | AN128: =($AK$123/($AL$123-AL128))^(1/2) -> 22.970553 | AW128: 200 | AX128: 4.3241955 | AY128: 38.776321 | AZ128: =LOG(AX128) -> 0.63590532 | BA128: =1/(AY128^2) -> 0.00066506914 | BB128: =($AY$123/($AZ$123-(LOG(AX128))))^(1/2) -> 23.930965 | BC128: 97.143027 | BD128: 23 | BE128: =LOG(BC128) -> 1.9874116 | BF128: =1/(BD128^2) -> 0.0018903592 | BG128: =($BD$123/($BE$123-(LOG(BC128))))^(1/2) -> 22.166207 | BH128: 78.81764 | BI128: 23.877632 | BJ128: =LOG(BH128) -> 1.8966234 | BK128: =1/(BI128^2) -> 0.0017539511 | BL128: =($BI$123/($BJ$123-(LOG(BH128))))^(1/2) -> 22.921215
A129: 300 | B129: 32.333731 | C129: 48.013508 | D129: =LOG(B129) -> 1.5096558 | E129: =1/(C129^2) -> 0.00043378359 | F129: =($C$123/($D$123-LOG(B129)))^(1/2) -> 65.16127 | G129: 128.28129 | H129: 28.823997 | I129: =LOG(G129) -> 2.1081633 | J129: =1/(H129^2) -> 0.0012036261 | K129: =($H$123/($I$123-LOG(G129)))^(1/2) -> 28.178656 | L129: 150.18236 | M129: 24.443782 | N129: =LOG(L129) -> 2.1766189 | O129: =1/(M129^2) -> 0.0016736444 | P129: =($M$123/($N$123-LOG(L129)))^(1/2) -> 24.29808 | Y129: 300 | Z129: 26.672229 | AA129: 52 | AB129: =LOG(Z129) -> 1.4260593 | AC129: =1/(AA129^2) -> 0.00036982249 | AD129: =($AA$123/($AB$123-AB129))^(1/2) -> 65.499073 | AE129: 61.684148 | AF129: 42.143425 | AG129: =LOG(AE129) -> 1.7901736 | AH129: =1/(AF129^2) -> 0.00056304143 | AI129: =($AF$123/($AG$123-(LOG(AE129))))^(1/2) -> 41.783827 | AJ129: 111.12753 | AK129: 35.83 | AL129: =LOG(AJ129) -> 2.0458217 | AM129: =1/(AK129^2) -> 0.00077894426 | AN129: =($AK$123/($AL$123-AL129))^(1/2) -> 43.957807 | AW129: 300 | AX129: 22.351609 | AY129: 50.009932 | AZ129: =LOG(AX129) -> 1.3493088 | BA129: =1/(AY129^2) -> 0.00039984113 | BB129: =($AY$123/($AZ$123-(LOG(AX129))))^(1/2) -> 38.460491 | BC129: 141 | BD129: 26.280254 | BE129: =LOG(BC129) -> 2.1492191 | BF129: =1/(BD129^2) -> 0.0014479077 | BG129: =($BD$123/($BE$123-(LOG(BC129))))^(1/2) -> 25.140341 | BH129: 148.99046 | BI129: 24.682161 | BJ129: =LOG(BH129) -> 2.1731585 | BK129: =1/(BI129^2) -> 0.0016414726 | BL129: =($BI$123/($BJ$123-(LOG(BH129))))^(1/2) -> 24.792903
A130: 400 | B130: 54.085816 | C130: 62.038141 | D130: =LOG(B130) -> 1.7330834 | E130: =1/(C130^2) -> 0.00025982591 | F130: 101 | G130: 200 | H130: 32.86 | I130: =LOG(G130) -> 2.30103 | J130: =1/(H130^2) -> 0.00092611492 | K130: =($H$123/($I$123-LOG(G130)))^(1/2) -> 31.486717 | L130: 240.17044 | M130: 24.821216 | N130: =LOG(L130) -> 2.3805196 | O130: =1/(M130^2) -> 0.0016231322 | P130: =($M$123/($N$123-LOG(L130)))^(1/2) -> 28.573703 | Y130: 400 | Z130: 32 | AA130: 66.46 | AB130: =LOG(Z130) -> 1.50515 | AC130: =1/(AA130^2) -> 0.00022640151 | AD130: =($AA$123/($AB$123-AB130))^(1/2) -> 104.98432 | AE130: 144.22288 | AF130: 44.010727 | AG130: =LOG(AE130) -> 2.1590342 | AH130: =1/(AF130^2) -> 0.00051627716 | AI130: =($AF$123/($AG$123-(LOG(AE130))))^(1/2) -> 103.55298 | AJ130: 150 | AK130: 41 | AL130: =LOG(AJ130) -> 2.1760913 | AM130: =1/(AK130^2) -> 0.000594884 | AN130: =($AK$123/($AL$123-AL130))^(1/2) -> 59.440077 | AW130: 400 | AX130: 76.88081 | AY130: 57.479142 | AZ130: =LOG(AX130) -> 1.885818 | BA130: =1/(AY130^2) -> 0.00030267702 | BB130: =($AY$123/($AZ$123-(LOG(AX130))))^(1/2) -> #NUM! | BC130: 214.5 | BD130: 28 | BE130: =LOG(BC130) -> 2.3314273 | BF130: =1/(BD130^2) -> 0.0012755102 | BG130: =($BD$123/($BE$123-(LOG(BC130))))^(1/2) -> 30.54231 | BH130: 249.85459 | BI130: 26.884386 | BJ130: =LOG(BH130) -> 2.3976873 | BK130: =1/(BI130^2) -> 0.0013835656 | BL130: =($BI$123/($BJ$123-(LOG(BH130))))^(1/2) -> 26.704077
...

Sheet Ce x Qe PALMA
A5: Base (15±2 ℃)
A6: Ci | B6: Ce EXP | C6: Qe EXP | D6: Qe Cal
D7: Langmuir | E7: Freundlich | F7: Temkin | G7: DKR | H7: Harkin-Jura | I7: Halsey
A8: 100 | B8: 1.01 | C8: 17.91 | D8: 13.038988 | E8: 20.506616 | F8: 20.076621 | G8: 17.077946 | H8: 20.025979 | I8: 5.7219846
A9: 200 | B9: 4.3241955 | C9: 38.776321 | D9: 33.138866 | E9: 30.647894 | F9: 34.198075 | G9: 45.816663 | H9: 25.431695 | I9: 22.724886
A10: 300 | B10: 32.333731 | C10: 48.013508 | D10: 55.878868 | E10: 53.434027 | F10: 53.73408 | G10: 50.489853 | H10: 65.16127 | I10: 28.856812
A11: 400 | B11: 54.085816 | C11: 62.038141 | D11: 58.365586 | E11: 61.595777 | F11: 58.729651 | G11: 50.55846 | H11: 101 | I11: 29.97852
A20: Ácido (15±2 ℃)
A21: Ci | B21: Ce EXP | C21: Qe EXP | D21: Qe Cal
D22: Langmuir | E22: Freundlich | F22: Temkin | G22: DKR | H22: Harkin-Jura | I22: Halsey
A23: 100 | B23: 3.4302741 | C23: 17.421534 | D23: 6.1547674 | E23: 17.024732 | F23: 16.68797 | G23: 19.503357 | H23: 17.397034 | I23: 14.696024
A24: 200 | B24: 77.774732 | C24: 24.086214 | D24: 28.20038 | E24: 26.668745 | F24: 27.211328 | G24: 28.356725 | H24: 25.466573 | I24: 17.620049
A25: 300 | B25: 128.28129 | C25: 28.823997 | D25: 30.163065 | E25: 28.658528 | F25: 28.898506 | G25: 28.373463 | H25: 28.178656 | I25: 17.897882
A26: 400 | B26: 200 | C26: 32.86 | D26: 31.368613 | E26: 30.548375 | F26: 30.395807 | G26: 28.379225 | H26: 31.486717 | I26: 18.124608
A35: In Natura (15±2 ℃)
A36: Ci | B36: Ce EXP | C36: Qe EXP | D36: Qe Cal
D37: Langmuir | E37: Freundlich | F37: Temkin | G37: DKR | H37: Harkin-Jura | I37: Halsey
A38: 100 | B38: 14.455304 | C38: 15.216528 | D38: 16.693746 | E38: 15.931511 | F38: 16.084975 | G38: 14.780959 | H38: 15.748642 | I38: 11.71192
A39: 200 | B39: 77.178784 | C39: 24.205403 | D39: 23.346091 | E39: 21.617334 | F39: 22.059423 | G39: 24.225266 | H39: 20.590107 | I39: 12.798189
A40: 300 | B40: 150.18236 | C40: 24.443782 | D40: 24.437007 | E40: 24.405065 | F40: 24.433866 | G40: 24.565665 | H40: 24.29808 | I40: 13.134875
A41: 400 | B41: 240.17044 | C41: 24.821216 | D41: 24.897855 | E41: 26.584633 | F41: 26.108427 | G41: 24.641212 | H41: 28.573703 | I41: 13.350932
A51: Base (30±3 ℃)
A52: Ci | B52: Ce EXP | C52: Qe EXP | D52: Qe Cal
D53: Langmuir | E53: Freundlich | F53: Temkin | G53: DKR | H53: Harkin-Jura | I53: Halsey
A54: 100 | B54: 1.05 | C54: 17.9 | D54: 14.124294 | E54: 18.813025 | F54: 17.536118 | G54: 16.829426 | H54: 19.028267 | I54: 6.3877383
A55: 200 | B55: 5.8140644 | C55: 38.478347 | D55: 40.13903 | E55: 34.363461 | F55: 38.376928 | G55: 49.178705 | H55: 26.50054 | I55: 22.568304
A56: 300 | B56: 26.672229 | C56: 52 | D56: 58.807824 | E56: 58.745266 | F56: 56.926676 | G56: 52.245886 | H56: 65.499073 | I56: 28.106742
A57: 400 | B57: 32 | C57: 66.46 | D57: 60.105184 | E57: 62.634381 | F57: 59.144266 | G57: 52.3 | H57: 104.98432 | I57: 28.645879
A66: Ácido (30±3 ℃)
A67: Ci | B67: Ce EXP | C67: Qe EXP | D67: Qe Cal
D68: Langmuir | E68: Freundlich | F68: Temkin | G68: DKR | H68: Harkin-Jura | I68: Halsey
A69: 100 | B69: 1.03 | C69: 17.9 | D69: 11.788674 | E69: 19.011594 | F69: 19.03301 | G69: 16.988068 | H69: 18.623196 | I69: 9.7373908
A70: 200 | B70: 16.392133 | C70: 36.362733 | D70: 37.990149 | E70: 32.021179 | F70: 34.106458 | G70: 40.537362 | H70: 27.513946 | I70: 22.94649
A71: 300 | B71: 61.684148 | C71: 42.143425 | D71: 42.657735 | E71: 41.102544 | F71: 41.325093 | G71: 40.788804 | H71: 41.783827 | I71: 24.686077
A72: 400 | B72: 144.22288 | C72: 44.010727 | D72: 43.771649 | E72: 48.234973 | F72: 45.951495 | G72: 40.805183 | H72: 103.55298 | I72: 25.572968
A81: In Natura (30±3 ℃)
A82: Ci | B82: Ce EXP | C82: Qe EXP | D82: Qe Cal
D83: Langmuir | E83: Freundlich | F83: Temkin | G83: DKR | H83: Harkin-Jura | I83: Halsey
A84: 100 | B84: 5.7914184 | C84: 16.949305 | D84: 17.049972 | E84: 19.443814 | F84: 15.688799 | G84: 16.684337 | H84: 18.807804 | I84: 14.722113
A85: 200 | B85: 19.073897 | C85: 32.254748 | D85: 28.90944 | E85: 25.674292 | F85: 23.223194 | G85: 34.351536 | H85: 22.970553 | I85: 16.612313
A86: 300 | B86: 111.12753 | C86: 35.83 | D86: 38.609094 | E86: 38.724482 | F86: 34.363233 | G86: 37.223993 | H86: 43.957807 | I86: 18.530552
A87: 400 | B87: 150 | C87: 41 | D87: 39.317449 | E87: 41.530244 | F87: 36.25929 | G87: 37.26666 | H87: 59.440077 | I87: 18.79924
A97: Base (45±3 ℃)
A98: Ci | B98: Ce EXP | C98: Qe EXP | D98: Qe Cal
D99: Langmuir | E99: Freundlich | F99: Temkin | G99: DKR | H99: Harkin-Jura | I99: Halsey
A100: 100 | B100: 1.7914184 | C100: 17.749305 | D100: 19.786469 | E100: 22.733618 | F100: 23.466461 | G100: 17.515657 | H100: 20.760455 | I100: 16.611486
A101: 200 | B101: 4.3241955 | C101: 38.776321 | D101: 32.61534 | E101: 29.082754 | F101: 32.094823 | G101: 41.313392 | H101: 23.930965 | I101: 21.487704
A102: 300 | B102: 22.351609 | C102: 50.009932 | D102: 51.7594 | E102: 46.029028 | F102: 48.178884 | G102: 52.064744 | H102: 38.460491 | I102: 26.515996
A103: 400 | B103: 76.88081 | C103: 57.479142 | D103: 57.501553 | E103: 65.010891 | F103: 60.274768 | G103: 52.576333 | H103: #NUM! | I103: 29.116824
A112: Ácido (45±3 ℃)
A113: Ci | B113: Ce EXP | C113: Qe EXP | D113: Qe Cal
D114: Langmuir | E114: Freundlich | F114: Temkin | G114: DKR | H114: Harkin-Jura | I114: Halsey
A115: 100 | B115: 14.902265 | C115: 15.127135 | D115: 12.671399 | E115: 15.102968 | F115: 14.926099 | G115: 14.353409 | H115: 15.223515 | I115: 10.115285
A116: 200 | B116: 97.143027 | C116: 23 | D116: 24.867351 | E116: 23.450144 | F116: 23.956953 | G116: 25.509139 | H116: 22.166207 | I116: 11.447223
A117: 300 | B117: 141 | C117: 26.280254 | D117: 26.293706 | E117: 25.593031 | F117: 25.751761 | G117: 25.705829 | H117: 25.140341 | I117: 11.659455
A118: 400 | B118: 214.5 | C118: 28 | D118: 27.490484 | E118: 28.241385 | F118: 27.772859 | G118: 25.807772 | H118: 30.54231 | I118: 11.884279
A127: In Natura (45±3 ℃)
A128: Ci | B128: Ce EXP | C128: Qe EXP | D128: Qe Cal
D129: Langmuir | E129: Freundlich | F129: Temkin | G129: DKR | H129: Harkin-Jura | I129: Halsey
A130: 100 | B130: 3.4302741 | C130: 17.421534 | D130: 8.7200653 | E130: 17.412827 | F130: 17.340298 | G130: 17.427277 | H130: 17.501702 | I130: 15.748409
A131: 200 | B131: 78.81764 | C131: 23.877632 | D131: 24.823117 | E131: 23.689092 | F131: 23.922114 | G131: 25.106107 | H131: 22.921215 | I131: 17.831336
A132: 300 | B132: 148.99046 | C132: 24.682161 | D132: 25.845992 | E132: 25.217624 | F132: 25.259152 | G132: 25.122146 | H132: 24.792903 | I132: 18.071263
A133: 400 | B133: 249.85459 | C133: 26.884386 | D133: 26.338093 | E133: 26.530956 | F133: 26.344742 | G133: 25.126191 | H133: 26.704077 | I133: 18.246592

Sheet Parâmetros PALMA
A1: PARÂMETROS DAS ISOTERMAS - COMPARAÇÃO DE TEMPERATURAS
C3: 30 | D3: 45 | E3: 15 | H3: 30 | I3: 45 | J3: 15 | M3: 15 | N3: 45 | O3: 30
B4: Langmuir (Base) | G4: Langmuir (Ácido) | L4: Langmuir (In natura)
B5: Parâmetros | C5: 15 ℃ | D5: 30 ℃ | E5: 45 ℃ | G5: Parâmetros | H5: 15 ℃ | I5: 30 ℃ | J5: 45 ℃ | L5: Parâmetros | M5: 15 ℃ | N5: 30 ℃ | O5: 45 ℃
B6: Qmax (mg.g¯¹) | C6: =('Isotermas PALMA'!B2) -> 62.5 | D6: =('Isotermas PALMA'!Z2) -> 67.567568 | E6: =('Isotermas PALMA'!AX2) -> 60.240964 | G6: Qmax (mg.g¯¹) | H6: =('Isotermas PALMA'!F2) -> 33.783784 | I6: =('Isotermas PALMA'!AD2) -> 44.642857 | J6: =('Isotermas PALMA'!BB2) -> 30.120482 | L6: Qmax (mg.g¯¹) | M6: =('Isotermas PALMA'!J2) -> 25.706941 | N6: =('Isotermas PALMA'!AH2) -> 41.493776 | O6: =('Isotermas PALMA'!BF2) -> 27.100271
B7: KL (L.mg¯¹) | C7: =('Isotermas PALMA'!C2) -> 0.26101142 | D7: =('Isotermas PALMA'!AA2) -> 0.25170068 | E7: =('Isotermas PALMA'!AY2) -> 0.27302632 | G7: KL (L.mg¯¹) | H7: =('Isotermas PALMA'!G2) -> 0.064940763 | I7: =('Isotermas PALMA'!AE2) -> 0.34836703 | J7: =('Isotermas PALMA'!BC2) -> 0.048730368 | L7: KL (L.mg¯¹) | M7: =('Isotermas PALMA'!K2) -> 0.12812912 | N7: =('Isotermas PALMA'!AI2) -> 0.12043978 | O7: =('Isotermas PALMA'!BG2) -> 0.13830585
B9: R² | C9: 0.9742 | D9: 0.9597 | E9: 0.9992 | G9: R² | H9: 0.9745 | I9: 0.9997 | J9: 0.9932 | L9: R² | M9: 0.9995 | N9: 0.9909 | O9: 0.9963
B11: Freundlich (Base) | G11: Freundlich (Ácido) | L11: Freundlich (In natura)
B12: Parâmetros | C12: 15 ℃ | D12: 30 ℃ | E12: 45 ℃ | G12: Parâmetros | H12: 15 ℃ | I12: 30 ℃ | J12: 45 ℃ | L12: Parâmetros | M12: 15 ℃ | N12: 30 ℃ | O12: 45 ℃
B13: kf | C13: =('Isotermas PALMA'!B15) -> 20.450315 | D13: =('Isotermas PALMA'!Z15) -> 18.492686 | E13: =('Isotermas PALMA'!AX15) -> 19.315235 | G13: Kf | H13: =('Isotermas PALMA'!G15) -> 14.259359 | I13: =('Isotermas PALMA'!AE15) -> 18.906015 | J13: =('Isotermas PALMA'!BC15) -> 8.0112447 | L13: Kf | M13: =('Isotermas PALMA'!L15) -> 9.7926448 | N13: =('Isotermas PALMA'!AJ15) -> 12.90922 | O13: =('Isotermas PALMA'!BH15) -> 15.427658
B14: 1/nf | C14: =('Isotermas PALMA'!C15) -> 0.2763 | D14: =('Isotermas PALMA'!AA15) -> 0.352 | E14: =('Isotermas PALMA'!AY15) -> 0.2795 | G14: 1/nf | H14: =('Isotermas PALMA'!H15) -> 0.1438 | I14: =('Isotermas PALMA'!AF15) -> 0.1884 | J14: =('Isotermas PALMA'!BD15) -> 0.2347 | L14: 1/nf | M14: =('Isotermas PALMA'!M15) -> 0.1822 | N14: =('Isotermas PALMA'!AK15) -> 0.2332 | O14: =('Isotermas PALMA'!BI15) -> 0.0982
B15: nf | C15: =('Isotermas PALMA'!D15) -> 3.6192544 | D15: =('Isotermas PALMA'!AB15) -> 2.8409091 | E15: =('Isotermas PALMA'!AZ15) -> 3.5778175 | G15: nf | H15: =('Isotermas PALMA'!I15) -> 6.9541029 | I15: =('Isotermas PALMA'!AG15) -> 5.3078556 | J15: =('Isotermas PALMA'!BE15) -> 4.2607584 | L15: nf | M15: =('Isotermas PALMA'!N15) -> 5.4884742 | N15: =('Isotermas PALMA'!AL15) -> 4.2881647 | O15: =('Isotermas PALMA'!BJ15) -> 10.183299
B16: R² | C16: =('Isotermas PALMA'!E15) -> 0.9011 | D16: =('Isotermas PALMA'!AC15) -> 0.9654 | E16: =('Isotermas PALMA'!BA15) -> 0.7989 | G16: R² | H16: =('Isotermas PALMA'!J15) -> 0.9283 | I16: =('Isotermas PALMA'!AH15) -> 0.9452 | J16: =('Isotermas PALMA'!BF15) -> 0.995 | L16: R² | M16: =('Isotermas PALMA'!O15) -> 0.8847 | N16: =('Isotermas PALMA'!AM15) -> 0.8325 | O16: =('Isotermas PALMA'!BK15) -> 0.9935
B18: Temkin (Base) | G18: Temkin (Ácido) | L18: Temkin (In natura)
B19: Parâmetros | C19: 15 ℃ | D19: 30 ℃ | E19: 45 ℃ | G19: Parâmetros | H19: 15 ℃ | I19: 30 ℃ | J19: 45 ℃ | L19: Parâmetros | M19: 15 ℃ | N19: 30 ℃ | O19: 45 ℃
B20: AT | C20: =('Isotermas PALMA'!B28) -> 7.827232 | D20: =('Isotermas PALMA'!Z28) -> 4.0201189 | E20: =('Isotermas PALMA'!AX28) -> 6.1326832 | G20: AT | H20: =('Isotermas PALMA'!G28) -> 41.137892 | I20: =('Isotermas PALMA'!AE28) -> 31.963539 | J20: =('Isotermas PALMA'!BC28) -> 1.4872423 | L20: AT | M20: =('Isotermas PALMA'!L28) -> 6.2883734 | N20: =('Isotermas PALMA'!AJ28) -> 2.0659615 | O20: =('Isotermas PALMA'!BH28) -> 1124.8793
B21: B (L.g¯¹) | C21: =('Isotermas PALMA'!C28) -> 9.7103 | D21: =('Isotermas PALMA'!AA28) -> 12.177 | E21: =('Isotermas PALMA'!AY28) -> 9.7914 | G21: B (L.g¯¹) | H21: =('Isotermas PALMA'!H28) -> 3.3716 | I21: =('Isotermas PALMA'!AF28) -> 5.4471 | J21: =('Isotermas PALMA'!BD28) -> 4.8173 | L21: B (L.g¯¹) | M21: =('Isotermas PALMA'!M28) -> 3.5667 | N21: =('Isotermas PALMA'!AK28) -> 6.3211 | O21: =('Isotermas PALMA'!BI28) -> 2.0998
B22: bT (J.mol¯¹) | C22: =('Isotermas PALMA'!D28) -> 246.71525 | D22: =('Isotermas PALMA'!AB28) -> 206.97948 | E22: =('Isotermas PALMA'!AZ28) -> 270.14514 | G22: bT (J.mol¯¹) | H22: =('Isotermas PALMA'!I28) -> 710.54665 | I22: =('Isotermas PALMA'!AG28) -> 462.70292 | J22: =('Isotermas PALMA'!BE28) -> 549.08332 | L22: bT (J.mol¯¹) | M22: =('Isotermas PALMA'!N28) -> 671.67945 | N22: =('Isotermas PALMA'!AL28) -> 398.72635 | O22: =('Isotermas PALMA'!BJ28) -> 1259.691
B23: R² | C23: =('Isotermas PALMA'!E28) -> 0.9326 | D23: =('Isotermas PALMA'!AC28) -> 0.9078 | E23: =('Isotermas PALMA'!BA28) -> 0.9015 | G23: R² | H23: =('Isotermas PALMA'!J28) -> 0.876 | I23: =('Isotermas PALMA'!AH28) -> 0.9746 | J23: =('Isotermas PALMA'!BF28) -> 0.9868 | L23: R² | M23: =('Isotermas PALMA'!O28) -> 0.8915 | N23: =('Isotermas PALMA'!AM28) -> 0.8764 | O23: =('Isotermas PALMA'!BK28) -> 0.9872
B25: Durbinin-Kaganer Radushkevich (Base) | G25: Durbinin-Kaganer Radushkevich (Ácido) | L25: Durbinin-Kaganer Radushkevich (In natura)
B26: Parâmetros | C26: 15 ℃ | D26: 30 ℃ | E26: 45 ℃ | G26: Parâmetros | H26: 15 ℃ | I26: 30 ℃ | J26: 45 ℃ | L26: Parâmetros | M26: 15 ℃ | N26: 30 ℃ | O26: 45 ℃
B27: Qd | C27: =('Isotermas PALMA'!B41) -> 50.59739 | D27: =('Isotermas PALMA'!Z41) -> 52.425861 | E27: =('Isotermas PALMA'!AX41) -> 52.625458 | G27: Qd | H27: =('Isotermas PALMA'!G41) -> 28.383273 | I27: =('Isotermas PALMA'!AE41) -> 40.808892 | J27: =('Isotermas PALMA'!BC41) -> 25.885941 | L27: Qd | M27: =('Isotermas PALMA'!L41) -> 24.690042 | N27: =('Isotermas PALMA'!AJ41) -> 37.318904 | O27: =('Isotermas PALMA'!BH41) -> 25.128433
B28: ADKR | C28: =('Isotermas PALMA'!C41) -> 4e-07 | D28: =('Isotermas PALMA'!AA41) -> 4e-07 | E28: =('Isotermas PALMA'!AY41) -> 8e-07 | G28: ADKR | H28: =('Isotermas PALMA'!H41) -> 1e-06 | I28: =('Isotermas PALMA'!AF41) -> 3e-07 | J28: =('Isotermas PALMA'!BD41) -> 2e-05 | L28: ADKR | M28: =('Isotermas PALMA'!M41) -> 2e-05 | N28: =('Isotermas PALMA'!AK41) -> 5e-06 | O28: =('Isotermas PALMA'!BI41) -> 8e-07
B29: E | C29: =('Isotermas PALMA'!D41) -> 1118.034 | D29: =('Isotermas PALMA'!AB41) -> 1118.034 | E29: =('Isotermas PALMA'!AZ41) -> 790.56942 | G29: E | H29: =('Isotermas PALMA'!I41) -> 707.10678 | I29: =('Isotermas PALMA'!AG41) -> 1290.9944 | J29: =('Isotermas PALMA'!BE41) -> 158.11388 | L29: E | M29: =('Isotermas PALMA'!N41) -> 158.11388 | N29: =('Isotermas PALMA'!AL41) -> 316.22777 | O29: =('Isotermas PALMA'!BJ41) -> 790.56942
B30: R² | C30: =('Isotermas PALMA'!E41) -> 0.9147 | D30: =('Isotermas PALMA'!AC41) -> 0.8776 | E30: =('Isotermas PALMA'!BA41) -> 0.9833 | G30: R² | H30: =('Isotermas PALMA'!J41) -> 0.787 | I30: =('Isotermas PALMA'!AH41) -> 0.9645 | J30: =('Isotermas PALMA'!BF41) -> 0.9215 | L30: R² | M30: =('Isotermas PALMA'!O41) -> 0.9995 | N30: =('Isotermas PALMA'!AM41) -> 0.9681 | O30: =('Isotermas PALMA'!BK41) -> 0.9314
B32: Harkin-Jura (Base) | G32: Harkin-Jura (Ácido) | L32: Harkin-Jura (In natura)
B33: Parâmetros | C33: 15 ℃ | D33: 30 ℃ | E33: 45 ℃ | G33: Parâmetros | H33: 15 ℃ | I33: 30 ℃ | J33: 45 ℃ | L33: Parâmetros | M33: 15 ℃ | N33: 30 ℃ | O33: 45 ℃
B34: 1/AH–J | C34: =('Isotermas PALMA'!B123) -> 0.0015 | D34: =('Isotermas PALMA'!Z123) -> 0.0018 | E34: =('Isotermas PALMA'!AX123) -> 0.0015 | G34: 1/AH–J | H34: =('Isotermas PALMA'!G123) -> 0.0013 | I34: =('Isotermas PALMA'!AE123) -> 0.0013 | J34: =('Isotermas PALMA'!BC123) -> -0.0028 | L34: 1/AH–J | M34: =('Isotermas PALMA'!L123) -> 0.0023 | N34: =('Isotermas PALMA'!AJ123) -> 0.0018 | O34: =('Isotermas PALMA'!BH123) -> 0.001
B35: AHJ | C35: =('Isotermas PALMA'!C123) -> 666.66667 | D35: =('Isotermas PALMA'!AA123) -> 555.55556 | E35: =('Isotermas PALMA'!AY123) -> 666.66667 | G35: AHJ | H35: =('Isotermas PALMA'!H123) -> 769.23077 | I35: =('Isotermas PALMA'!AF123) -> 769.23077 | J35: =('Isotermas PALMA'!BD123) -> 357.14286 | L35: AHJ | M35: =('Isotermas PALMA'!M123) -> 434.78261 | N35: =('Isotermas PALMA'!AK123) -> 555.55556 | O35: =('Isotermas PALMA'!BI123) -> 1000
B36: BHJ | C36: =('Isotermas PALMA'!D123) -> 1.6666667 | D36: =('Isotermas PALMA'!AB123) -> 1.5555556 | E36: =('Isotermas PALMA'!AZ123) -> 1.8 | G36: BHJ | H36: =('Isotermas PALMA'!I123) -> 3.0769231 | I36: =('Isotermas PALMA'!AG123) -> 2.2307692 | J36: =('Isotermas PALMA'!BE123) -> 2.7142857 | L36: BHJ | M36: =('Isotermas PALMA'!N123) -> 2.9130435 | N36: =('Isotermas PALMA'!AL123) -> 2.3333333 | O36: =('Isotermas PALMA'!BJ123) -> 3.8
B37: R² | C37: =('Isotermas PALMA'!E123) -> 0.758 | D37: =('Isotermas PALMA'!AC123) -> 0.8704 | E37: =('Isotermas PALMA'!BA123) -> 0.6155 | G37: R² | H37: =('Isotermas PALMA'!J123) -> 0.9874 | I37: =('Isotermas PALMA'!AH123) -> 0.8846 | J37: =('Isotermas PALMA'!BF123) -> 0.9866 | L37: R² | M37: =('Isotermas PALMA'!O123) -> 0.8737 | N37: =('Isotermas PALMA'!AM123) -> 0.74 | O37: =('Isotermas PALMA'!BK123) -> 0.992
B39: Halsey (Base) | G39: Halsey (Ácido) | L39: Halsey (In natura)
B40: Parâmetros | C40: 15 ℃ | D40: 30 ℃ | E40: 45 ℃ | G40: Parâmetros | H40: 15 ℃ | I40: 30 ℃ | J40: 45 ℃ | L40: Parâmetros | M40: 15 ℃ | N40: 30 ℃ | O40: 45 ℃
B41: 1/nH | C41: =('Isotermas PALMA'!B193) -> -0.2763 | D41: =('Isotermas PALMA'!Z193) -> -0.352 | E41: =('Isotermas PALMA'!AX193) -> -0.2795 | G41: 1/nH | H41: =('Isotermas PALMA'!G193) -> -0.1438 | I41: =('Isotermas PALMA'!AE193) -> -0.1884 | J41: =('Isotermas PALMA'!BC193) -> -0.2347 | L41: 1/nH | M41: =('Isotermas PALMA'!L193) -> -0.1822 | N41: =('Isotermas PALMA'!AJ193) -> -0.2332 | O41: =('Isotermas PALMA'!BH193) -> -0.0982
B42: nH | C42: =('Isotermas PALMA'!C193) -> -3.6192544 | D42: =('Isotermas PALMA'!AA193) -> -2.8409091 | E42: =('Isotermas PALMA'!AY193) -> -3.5778175 | G42: nH | H42: =('Isotermas PALMA'!H193) -> -6.9541029 | I42: =('Isotermas PALMA'!AF193) -> -5.3078556 | J42: =('Isotermas PALMA'!BD193) -> -4.2607584 | L42: nH | M42: =('Isotermas PALMA'!M193) -> -5.4884742 | N42: =('Isotermas PALMA'!AK193) -> -4.2881647 | O42: =('Isotermas PALMA'!BI193) -> -10.183299
B43: KH | C43: =('Isotermas PALMA'!D193) -> 1.8033637e-05 | D43: =('Isotermas PALMA'!AB193) -> 0.00025142841 | E43: =('Isotermas PALMA'!AZ193) -> 2.5076988e-05 | G43: KH | H43: =('Isotermas PALMA'!I193) -> 9.4190791e-09 | I43: =('Isotermas PALMA'!AG193) -> 1.6756226e-07 | J43: =('Isotermas PALMA'!BE193) -> 0.00014113607 | L43: KH | M43: =('Isotermas PALMA'!N193) -> 3.6437298e-06 | N43: =('Isotermas PALMA'!AL193) -> 1.7225405e-05 | O43: =('Isotermas PALMA'!BJ193) -> 0
B44: R² | C44: =('Isotermas PALMA'!E193) -> 0.9011 | D44: =('Isotermas PALMA'!AC193) -> 0.9654 | E44: =('Isotermas PALMA'!BA193) -> 0.7989 | G44: R² | H44: =('Isotermas PALMA'!J193) -> 0.9283 | I44: =('Isotermas PALMA'!AH193) -> 0.9452 | J44: =('Isotermas PALMA'!BF193) -> 0.995 | L44: R² | M44: =('Isotermas PALMA'!O193) -> 0.8847 | N44: =('Isotermas PALMA'!AM193) -> 0.8325 | O44: =('Isotermas PALMA'!BK193) -> 0.9935

Sheet pH Vagem
P4: ABS | Q4: Concetração (ppm) | S4: V= | T4: =20/1000 -> 0.02
B5: Fibra da Vagem Tratadas com Ácido | O5: 200 ppm | P5: 0.788 | Q5: 234.66
B7: Valores de pH | D7: massa de semente (g) | F7: Absorbâncias (nm) | H7: Absorbâncias (nm) | J7: Concetração (ppm) | L7: Média (ppm) | M7: Desvio Padrão | N7: % Remoção | P7: Média % | Q7: Desvio Padrão | R7: QE (mg/g) | T7: Média | U7: Desvio Padrão
B8: Teorico | C8: Exp. | D8: m1 | E8: m2 | F8: abs1 | G8: abs2 | H8: abs 1 dil. | I8: abs 2 dil. | J8: [ ] 1 | K8: [ ] 2 | L8: concentração | R8: 1 | S8: 2
B9: 2 | C9: 2.06 | D9: 0.1018 | E9: 0.1001 | F9: 0.604 | G9: 0.677 | H9: =F9*50 -> 30.2 | I9: =G9*50 -> 33.85 | J9: =(H9-0.0244)/0.1678 -> 179.83075 | K9: =(I9-0.0244)/0.1678 -> 201.58284 | L9: =(J9+K9)/2 -> 190.70679 | M9: =STDEV(J9:K9) -> 15.381047 | N9: =(($Q$5-J9)/$Q$5)*100 -> 23.365401 | O9: =(($Q$5-K9)/$Q$5)*100 -> 14.095783 | P9: =(N9+O9)/2 -> 18.730592 | Q9: =STDEV(N9:O9) -> 6.5546098 | R9: =(($Q$5-J9)/D9)*0.02 -> 10.771955 | S9: =(($Q$5-K9)/E9)*0.02 -> 6.6088238 | T9: =(R9+S9)/2 -> 8.6903892 | U9: =STDEV(R9:S9) -> 2.943778
B10: 4 | C10: 4.01 | D10: 0.1006 | E10: 0.1014 | F10: 0.365 | G10: 0.412 | H10: =F10*50 -> 18.25 | I10: =G10*50 -> 20.6 | J10: =(H10-0.0244)/0.1678 -> 108.61502 | K10: =(I10-0.0244)/0.1678 -> 122.61979 | L10: =(J10+K10)/2 -> 115.6174 | M10: =STDEV(J10:K10) -> 9.9028661 | N10: =(($Q$5-J10)/$Q$5)*100 -> 53.713876 | O10: =(($Q$5-K10)/$Q$5)*100 -> 47.745766 | P10: =(N10+O10)/2 -> 50.729821 | Q10: =STDEV(N10:O10) -> 4.2200912 | R10: =(($Q$5-J10)/D10)*0.02 -> 25.058645 | S10: =(($Q$5-K10)/E10)*0.02 -> 22.098662 | T10: =(R10+S10)/2 -> 23.578653 | U10: =STDEV(R10:S10) -> 2.093024
B11: 6 | C11: 6.01 | D11: 0.1009 | E11: 0.1006 | F11: 0.314 | G11: 0.287 | H11: =F11*50 -> 15.7 | I11: =G11*50 -> 14.35 | J11: =(H11-0.0244)/0.1678 -> 93.418355 | K11: =(I11-0.0244)/0.1678 -> 85.373063 | L11: =(J11+K11)/2 -> 89.395709 | M11: =STDEV(J11:K11) -> 5.6888805 | N11: =(($Q$5-J11)/$Q$5)*100 -> 60.189911 | O11: =(($Q$5-K11)/$Q$5)*100 -> 63.6184 | P11: =(N11+O11)/2 -> 61.904155 | Q11: =STDEV(N11:O11) -> 2.4243077 | R11: =(($Q$5-J11)/D11)*0.02 -> 27.996362 | S11: =(($Q$5-K11)/E11)*0.02 -> 29.679312 | T11: =(R11+S11)/2 -> 28.837837 | U11: =STDEV(R11:S11) -> 1.1900252
B12: 8 | C12: 8 | D12: 0.1004 | E12: 0.1011 | F12: 0.143 | G12: 0.182 | H12: =F12*50 -> 7.15 | I12: =G12*50 -> 9.1 | J12: =(H12-0.0244)/0.1678 -> 42.464839 | K12: =(I12-0.0244)/0.1678 -> 54.085816 | L12: =(J12+K12)/2 -> 48.275328 | M12: =STDEV(J12:K12) -> 8.2172719 | N12: =(($Q$5-J12)/$Q$5)*100 -> 81.903674 | O12: =(($Q$5-K12)/$Q$5)*100 -> 76.951412 | P12: =(N12+O12)/2 -> 79.427543 | Q12: =STDEV(N12:O12) -> 3.5017778 | R12: =(($Q$5-J12)/D12)*0.02 -> 38.285889 | S12: =(($Q$5-K12)/E12)*0.02 -> 35.721896 | T12: =(R12+S12)/2 -> 37.003892 | U12: =STDEV(R12:S12) -> 1.8130167
B13: 10 | C13: 10.08 | D13: 0.1014 | E13: 0.1009 | F13: 0.094 | G13: 0.098 | H13: =F13*50 -> 4.7 | I13: =G13*50 -> 4.9 | J13: =(H13-0.0244)/0.1678 -> 27.864124 | K13: =(I13-0.0244)/0.1678 -> 29.056019 | L13: =(J13+K13)/2 -> 28.460072 | M13: =STDEV(J13:K13) -> 0.84279712 | N13: =(($Q$5-J13)/$Q$5)*100 -> 88.125746 | O13: =(($Q$5-K13)/$Q$5)*100 -> 87.617822 | P13: =(N13+O13)/2 -> 87.871784 | Q13: =STDEV(N13:O13) -> 0.3591567 | R13: =(($Q$5-J13)/D13)*0.02 -> 40.788141 | S13: =(($Q$5-K13)/E13)*0.02 -> 40.75401 | T13: =(R13+S13)/2 -> 40.771076 | U13: =STDEV(R13:S13) -> 0.024134358
B17: Fibra da Vagem Tratadas com Base
B19: Valores de pH | D19: massa de semente (g) | F19: Absorbâncias (nm) | H19: Absorbâncias (nm) | J19: Concetração (ppm) | L19: Média (ppm) | M19: Desvio Padrão | N19: % Remoção | P19: Média % | Q19: Desvio Padrão | R19: QE (mg/g) | T19: Média | U19: Desvio Padrão
B20: Teorico | C20: Exp. | D20: m1 | E20: m2 | F20: abs1 | G20: abs2 | H20: abs 1 dil. | I20: abs 2 dil. | J20: [ ] 1 | K20: [ ] 2 | L20: concentração | R20: 1 | S20: 2
B21: 2 | C21: 2.06 | D21: 0.1011 | E21: 0.1017 | F21: 0.572 | G21: 0.577 | H21: =F21*50 -> 28.6 | I21: =G21*50 -> 28.85 | J21: =(H21-0.0244)/0.1678 -> 170.29559 | K21: =(I21-0.0244)/0.1678 -> 171.78546 | L21: =(J21+K21)/2 -> 171.04052 | M21: =STDEV(J21:K21) -> 1.0534964 | N21: =(($Q$5-J21)/$Q$5)*100 -> 27.428795 | O21: =(($Q$5-K21)/$Q$5)*100 -> 26.79389 | P21: =(N21+O21)/2 -> 27.111342 | Q21: =STDEV(N21:O21) -> 0.44894588 | R21: =(($Q$5-J21)/D21)*0.02 -> 12.732821 | S21: =(($Q$5-K21)/E21)*0.02 -> 12.364708 | T21: =(R21+S21)/2 -> 12.548765 | U21: =STDEV(R21:S21) -> 0.26029505
B22: 4 | C22: 4.01 | D22: 0.1034 | E22: 0.1013 | F22: 0.009 | G22: 0.03 | H22: =F22*50 -> 0.45 | I22: =G22*50 -> 1.5 | J22: =(H22-0.0244)/0.1678 -> 2.5363528 | K22: =(I22-0.0244)/0.1678 -> 8.7938021 | L22: =(J22+K22)/2 -> 5.6650775 | M22: =STDEV(J22:K22) -> 4.4246849 | N22: =(($Q$5-J22)/$Q$5)*100 -> 98.919137 | O22: =(($Q$5-K22)/$Q$5)*100 -> 96.252535 | P22: =(N22+O22)/2 -> 97.585836 | Q22: =STDEV(N22:O22) -> 1.8855727 | R22: =(($Q$5-J22)/D22)*0.02 -> 44.898191 | S22: =(($Q$5-K22)/E22)*0.02 -> 44.593524 | T22: =(R22+S22)/2 -> 44.745857 | U22: =STDEV(R22:S22) -> 0.21543223
B23: 6 | C23: 6.01 | D23: 0.1021 | E23: 0.1022 | F23: 0.018 | G23: 0.022 | H23: =F23*50 -> 0.9 | I23: =G23*50 -> 1.1 | J23: =(H23-0.0244)/0.1678 -> 5.2181168 | K23: =(I23-0.0244)/0.1678 -> 6.4100119 | L23: =(J23+K23)/2 -> 5.8140644 | M23: =STDEV(J23:K23) -> 0.84279712 | N23: =(($Q$5-J23)/$Q$5)*100 -> 97.776308 | O23: =(($Q$5-K23)/$Q$5)*100 -> 97.268383 | P23: =(N23+O23)/2 -> 97.522345 | Q23: =STDEV(N23:O23) -> 0.3591567 | R23: =(($Q$5-J23)/D23)*0.02 -> 44.944541 | S23: =(($Q$5-K23)/E23)*0.02 -> 44.667317 | T23: =(R23+S23)/2 -> 44.805929 | U23: =STDEV(R23:S23) -> 0.19602741
B24: 8 | C24: 8 | D24: 0.1014 | E24: 0.1011 | F24: 0.019 | G24: 0.017 | H24: =F24*50 -> 0.95 | I24: =G24*50 -> 0.85 | J24: =(H24-0.0244)/0.1678 -> 5.5160906 | K24: =(I24-0.0244)/0.1678 -> 4.920143 | L24: =(J24+K24)/2 -> 5.2181168 | M24: =STDEV(J24:K24) -> 0.42139856 | N24: =(($Q$5-J24)/$Q$5)*100 -> 97.649326 | O24: =(($Q$5-K24)/$Q$5)*100 -> 97.903289 | P24: =(N24+O24)/2 -> 97.776308 | Q24: =STDEV(N24:O24) -> 0.17957835 | R24: =(($Q$5-J24)/D24)*0.02 -> 45.196037 | S24: =(($Q$5-K24)/E24)*0.02 -> 45.448043 | T24: =(R24+S24)/2 -> 45.32204 | U24: =STDEV(R24:S24) -> 0.17819484
B25: 10 | C25: 10.08 | D25: 0.1022 | E25: 0.1021 | F25: 0.016 | G25: 0.014 | H25: =F25*50 -> 0.8 | I25: =G25*50 -> 0.7 | J25: =(H25-0.0244)/0.1678 -> 4.6221692 | K25: =(I25-0.0244)/0.1678 -> 4.0262217 | L25: =(J25+K25)/2 -> 4.3241955 | M25: =STDEV(J25:K25) -> 0.42139856 | N25: =(($Q$5-J25)/$Q$5)*100 -> 98.03027 | O25: =(($Q$5-K25)/$Q$5)*100 -> 98.284232 | P25: =(N25+O25)/2 -> 98.157251 | Q25: =STDEV(N25:O25) -> 0.17957835 | R25: =(($Q$5-J25)/D25)*0.02 -> 45.017188 | S25: =(($Q$5-K25)/E25)*0.02 -> 45.178017 | T25: =(R25+S25)/2 -> 45.097603 | U25: =STDEV(R25:S25) -> 0.11372348
B30: Fibra da Vargem In Natura
B32: Valores de pH | D32: massa de semente (g) | F32: Absorbâncias (nm) | H32: Absorbâncias (nm) | J32: Concetração (ppm) | L32: Média (ppm) | M32: Desvio Padrão | N32: % Remoção | P32: Média % | Q32: Desvio Padrão | R32: QE (mg/g) | T32: Média | U32: Desvio Padrão
B33: Teorico | C33: Exp. | D33: m1 | E33: m2 | F33: abs1 | G33: abs2 | H33: abs 1 dil. | I33: abs 2 dil. | J33: [ ] 1 | K33: [ ] 2 | L33: concentração | R33: 1 | S33: 2
B34: 2 | C34: 2.11 | D34: 0.1019 | E34: 0.101 | F34: 0.48 | G34: 0.554 | H34: =F34*50 -> 24 | I34: =G34*50 -> 27.7 | J34: =(H34-0.0244)/0.1678 -> 142.882 | K34: =(I34-0.0244)/0.1678 -> 164.93206 | L34: =(J34+K34)/2 -> 153.90703 | M34: =STDEV(J34:K34) -> 15.591747 | N34: =(($Q$5-J34)/$Q$5)*100 -> 39.111053 | O34: =(($Q$5-K34)/$Q$5)*100 -> 29.714454 | P34: =(N34+O34)/2 -> 34.412754 | Q34: =STDEV(N34:O34) -> 6.644399 | R34: =(($Q$5-J34)/D34)*0.02 -> 18.013346 | S34: =(($Q$5-K34)/E34)*0.02 -> 13.807512 | T34: =(R34+S34)/2 -> 15.910429 | U34: =STDEV(R34:S34) -> 2.9739734
B35: 4 | C35: 4.13 | D35: 0.1001 | E35: 0.1022 | F35: 0.224 | G35: 0.248 | H35: =F35*50 -> 11.2 | I35: =G35*50 -> 12.4 | J35: =(H35-0.0244)/0.1678 -> 66.600715 | K35: =(I35-0.0244)/0.1678 -> 73.752086 | L35: =(J35+K35)/2 -> 70.1764 | M35: =STDEV(J35:K35) -> 5.0567827 | N35: =(($Q$5-J35)/$Q$5)*100 -> 71.618207 | O35: =(($Q$5-K35)/$Q$5)*100 -> 68.570661 | P35: =(N35+O35)/2 -> 70.094434 | Q35: =STDEV(N35:O35) -> 2.1549402 | R35: =(($Q$5-J35)/D35)*0.02 -> 33.578279 | S35: =(($Q$5-K35)/E35)*0.02 -> 31.488829 | T35: =(R35+S35)/2 -> 32.533554 | U35: =STDEV(R35:S35) -> 1.4774643
B36: 6 | C36: 6.05 | D36: 0.1011 | E36: 0.1012 | F36: 0.241 | G36: 0.473 | H36: =F36*50 -> 12.05 | I36: =G36*50 -> 23.65 | J36: =(H36-0.0244)/0.1678 -> 71.666269 | K36: =(I36-0.0244)/0.1678 -> 140.79619 | L36: =(J36+K36)/2 -> 106.23123 | M36: =STDEV(J36:K36) -> 48.882233 | N36: =(($Q$5-J36)/$Q$5)*100 -> 69.459529 | O36: =(($Q$5-K36)/$Q$5)*100 -> 39.999921 | P36: =(N36+O36)/2 -> 54.729725 | Q36: =STDEV(N36:O36) -> 20.831089 | R36: =(($Q$5-J36)/D36)*0.02 -> 32.244061 | S36: =(($Q$5-K36)/E36)*0.02 -> 18.550161 | T36: =(R36+S36)/2 -> 25.397111 | U36: =STDEV(R36:S36) -> 9.68305
B37: 8 | C37: 8.07 | D37: 0.1 | E37: 0.1014 | F37: 0.089 | G37: 0.082 | H37: =F37*50 -> 4.45 | I37: =G37*50 -> 4.1 | J37: =(H37-0.0244)/0.1678 -> 26.374255 | K37: =(I37-0.0244)/0.1678 -> 24.288439 | L37: =(J37+K37)/2 -> 25.331347 | M37: =STDEV(J37:K37) -> 1.474895 | N37: =(($Q$5-J37)/$Q$5)*100 -> 88.760652 | O37: =(($Q$5-K37)/$Q$5)*100 -> 89.649519 | P37: =(N37+O37)/2 -> 89.205085 | Q37: =STDEV(N37:O37) -> 0.62852423 | R37: =(($Q$5-J37)/D37)*0.02 -> 41.657149 | S37: =(($Q$5-K37)/E37)*0.02 -> 41.493405 | T37: =(R37+S37)/2 -> 41.575277 | U37: =STDEV(R37:S37) -> 0.11578476
B38: 10 | C38: 10.29 | D38: 0.1008 | E38: 0.1016 | F38: 0.168 | G38: 0.05 | H38: =F38*50 -> 8.4 | I38: =G38*50 -> 2.5 | J38: =(H38-0.0244)/0.1678 -> 49.914184 | K38: =(I38-0.0244)/0.1678 -> 14.753278 | L38: =(J38+K38)/2 -> 32.333731 | M38: =STDEV(J38:K38) -> 24.862515 | N38: =(($Q$5-J38)/$Q$5)*100 -> 78.729147 | O38: =(($Q$5-K38)/$Q$5)*100 -> 93.712913 | P38: =(N38+O38)/2 -> 86.22103 | Q38: =STDEV(N38:O38) -> 10.595123 | R38: =(($Q$5-J38)/D38)*0.02 -> 36.655916 | S38: =(($Q$5-K38)/E38)*0.02 -> 43.288725 | T38: =(R38+S38)/2 -> 39.97232 | U38: =STDEV(R38:S38) -> 4.6901041

Sheet Massa Vagem
N4: ABS | O4: ABS*VOL | P4: C. Teorica | Q4: C. Real
M5: sol 1 | N5: 0.701 | O5: =N5*50 -> 35.05 | P5: 200 | Q5: =(O5-0.0244)/0.1678 -> 208.73421 | T5: Y=0,1678x+0,0244
M6: sol. 2 | N6: 0.75 | O6: =N6*50 -> 37.5 | P6: 200 | Q6: =(O6-0.0244)/0.1678 -> 223.33492
M7: Sol.3 | N7: 0.788 | O7: =N7*50 -> 39.4 | P7: 200 | Q7: =(O7-0.0244)/0.1678 -> 234.65793
D9: Fibra Vagem tratada com Ácido | I9: pH 10 | P9: V= | Q9: =20/1000 -> 0.02
B11: Valores das massas (mg) | D11: massa de semente (g) | F11: Absorbâncias (nm) | H11: Fator diluição | J11: Ce (ppm) | L11: Média (ppm) | M11: Desv P | N11: % Remoção | P11: Média % | Q11: Desv P | R11: QE (mg/g) | T11: Média | U11: Desvio Padrão
D12: m1 | E12: m2 | F12: abs1 | G12: abs2 | H12: abs 1 dil. | I12: abs 2 dil. | J12: [ ] 1 | K12: [ ] 2 | R12: 1 | S12: 2
B13: 50 | D13: 0.0504 | E13: 0.0502 | F13: 0.054 | G13: 0.026 | H13: =F13*50 -> 2.7 | I13: =G13*50 -> 1.3 | J13: =(H13-0.0244)/0.1678 -> 15.945173 | K13: =(I13-0.0244)/0.1678 -> 7.601907 | L13: =(J13+K13)/2 -> 11.77354 | M13: =STDEV(J13:K13) -> 5.8995798 | N13: =(($Q$6-J13)/$Q$6)*100 -> 92.860421 | O13: =(($Q$6-K13)/$Q$6)*100 -> 96.596185 | P13: =(N13+O13)/2 -> 94.728303 | Q13: =STDEV(N13:O13) -> 2.6415841 | R13: =(($Q$6-J13)/D13)*$Q$9 -> 82.29752 | S13: =(($Q$6-K13)/E13)*$Q$9 -> 85.949409 | T13: =(R13+S13)/2 -> 84.123464 | U13: =STDEV(R13:S13) -> 2.5822754
B14: 100 | D14: 0.1015 | E14: 0.1023 | F14: 0.011 | G14: 0.016 | H14: =F14*50 -> 0.55 | I14: =G14*50 -> 0.8 | J14: =(H14-0.0244)/0.1678 -> 3.1323004 | K14: =(I14-0.0244)/0.1678 -> 4.6221692 | L14: =(J14+K14)/2 -> 3.8772348 | M14: =STDEV(J14:K14) -> 1.0534964 | N14: =(($Q$6-J14)/$Q$6)*100 -> 98.597487 | O14: =(($Q$6-K14)/$Q$6)*100 -> 97.930387 | P14: =(N14+O14)/2 -> 98.263937 | Q14: =STDEV(N14:O14) -> 0.47171145 | R14: =(($Q$6-J14)/D14)*$Q$9 -> 43.389679 | S14: =(($Q$6-K14)/E14)*$Q$9 -> 42.759092 | T14: =(R14+S14)/2 -> 43.074385 | U14: =STDEV(R14:S14) -> 0.44589284
B15: 150 | D15: 0.1501 | E15: 0.1511 | F15: 0.009 | G15: 0.01 | H15: =F15*50 -> 0.45 | I15: =G15*50 -> 0.5 | J15: =(H15-0.0244)/0.1678 -> 2.5363528 | K15: =(I15-0.0244)/0.1678 -> 2.8343266 | L15: =(J15+K15)/2 -> 2.6853397 | M15: =STDEV(J15:K15) -> 0.21069928 | N15: =(($Q$6-J15)/$Q$6)*100 -> 98.864328 | O15: =(($Q$6-K15)/$Q$6)*100 -> 98.730908 | P15: =(N15+O15)/2 -> 98.797618 | Q15: =STDEV(N15:O15) -> 0.09434229 | R15: =(($Q$6-J15)/D15)*$Q$9 -> 29.420196 | S15: =(($Q$6-K15)/E15)*$Q$9 -> 29.186048 | T15: =(R15+S15)/2 -> 29.303122 | U15: =STDEV(R15:S15) -> 0.16556721
B16: 200 | D16: 0.2012 | E16: 0.2017 | F16: 0.01 | G16: 0.01 | H16: =F16*50 -> 0.5 | I16: =G16*50 -> 0.5 | J16: =(H16-0.0244)/0.1678 -> 2.8343266 | K16: =(I16-0.0244)/0.1678 -> 2.8343266 | L16: =(J16+K16)/2 -> 2.8343266 | M16: =STDEV(J16:K16) -> 0 | N16: =(($Q$6-J16)/$Q$6)*100 -> 98.730908 | O16: =(($Q$6-K16)/$Q$6)*100 -> 98.730908 | P16: =(N16+O16)/2 -> 98.730908 | Q16: =STDEV(N16:O16) -> 0 | R16: =(($Q$6-J16)/D16)*$Q$9 -> 21.918548 | S16: =(($Q$6-K16)/E16)*$Q$9 -> 21.864214 | T16: =(R16+S16)/2 -> 21.891381 | U16: =STDEV(R16:S16) -> 0.038420313
D21: Fibra Vagem tratada com Base | I21: pH 6
B23: Valores das massas (mg) | D23: massa de semente (g) | F23: Absorbâncias (nm) | H23: Fator diluição | J23: Concetração (ppm) | L23: Média (ppm) | M23: Desv P | N23: % Remoção | P23: Média % | Q23: Desv P | R23: QE (mg/g) | T23: Média | U23: Desvio Padrão
D24: m1 | E24: m2 | F24: abs1 | G24: abs2 | H24: abs 1 dil. | I24: abs 2 dil. | J24: [ ] 1 | K24: [ ] 2 | L24: concentração | R24: 1 | S24: 2
B25: 50 | D25: 0.0521 | E25: 0.0507 | F25: 0.095 | G25: 0.073 | H25: =F25*50 -> 4.75 | I25: =G25*50 -> 3.65 | J25: =(H25-0.0244)/0.1678 -> 28.162098 | K25: =(I25-0.0244)/0.1678 -> 21.606675 | L25: =(J25+K25)/2 -> 24.884386 | M25: =STDEV(J25:K25) -> 4.6353841 | N25: =(($Q$6-J25)/$Q$6)*100 -> 87.390195 | O25: =(($Q$6-K25)/$Q$6)*100 -> 90.325438 | P25: =(N25+O25)/2 -> 88.857817 | Q25: =STDEV(N25:O25) -> 2.0755304 | R25: =(($Q$6-J25)/D25)*$Q$9 -> 74.92239 | S25: =(($Q$6-K25)/E25)*$Q$9 -> 79.577218 | T25: =(R25+S25)/2 -> 77.249804 | U25: =STDEV(R25:S25) -> 3.2914608
B26: 100 | D26: 0.1007 | E26: 0.1014 | F26: 0.02 | G26: 0.019 | H26: =F26*50 -> 1 | I26: =G26*50 -> 0.95 | J26: =(H26-0.0244)/0.1678 -> 5.8140644 | K26: =(I26-0.0244)/0.1678 -> 5.5160906 | L26: =(J26+K26)/2 -> 5.6650775 | M26: =STDEV(J26:K26) -> 0.21069928 | N26: =(($Q$6-J26)/$Q$6)*100 -> 97.396706 | O26: =(($Q$6-K26)/$Q$6)*100 -> 97.530126 | P26: =(N26+O26)/2 -> 97.463416 | Q26: =STDEV(N26:O26) -> 0.09434229 | R26: =(($Q$6-J26)/D26)*$Q$9 -> 43.201759 | S26: =(($Q$6-K26)/E26)*$Q$9 -> 42.962294 | T26: =(R26+S26)/2 -> 43.082027 | U26: =STDEV(R26:S26) -> 0.16932736
B27: 150 | D27: 0.1513 | E27: 0.1515 | F27: 0.011 | G27: 0.011 | H27: =F27*50 -> 0.55 | I27: =G27*50 -> 0.55 | J27: =(H27-0.0244)/0.1678 -> 3.1323004 | K27: =(I27-0.0244)/0.1678 -> 3.1323004 | L27: =(J27+K27)/2 -> 3.1323004 | M27: =STDEV(J27:K27) -> 0 | N27: =(($Q$6-J27)/$Q$6)*100 -> 98.597487 | O27: =(($Q$6-K27)/$Q$6)*100 -> 98.597487 | P27: =(N27+O27)/2 -> 98.597487 | Q27: =STDEV(N27:O27) -> 0 | R27: =(($Q$6-J27)/D27)*$Q$9 -> 29.10808 | S27: =(($Q$6-K27)/E27)*$Q$9 -> 29.069653 | T27: =(R27+S27)/2 -> 29.088866 | U27: =STDEV(R27:S27) -> 0.027171644
B28: 200 | D28: 0.2003 | E28: 0.201 | F28: 0.009 | G28: 0.006 | H28: =F28*50 -> 0.45 | I28: =G28*50 -> 0.3 | J28: =(H28-0.0244)/0.1678 -> 2.5363528 | K28: =(I28-0.0244)/0.1678 -> 1.6424315 | L28: =(J28+K28)/2 -> 2.0893921 | M28: =STDEV(J28:K28) -> 0.63209784 | N28: =(($Q$6-J28)/$Q$6)*100 -> 98.864328 | O28: =(($Q$6-K28)/$Q$6)*100 -> 99.264588 | P28: =(N28+O28)/2 -> 99.064458 | Q28: =STDEV(N28:O28) -> 0.28302687 | R28: =(($Q$6-J28)/D28)*$Q$9 -> 22.046787 | S28: =(($Q$6-K28)/E28)*$Q$9 -> 22.058954 | T28: =(R28+S28)/2 -> 22.052871 | U28: =STDEV(R28:S28) -> 0.0086037515
D32: Fibra Vagem In Natura | H32: pH 8
B34: Valores das massas (mg) | D34: massa de semente (g) | F34: Absorbâncias (nm) | H34: Fator diluição | J34: Concetração (ppm) | L34: Média (ppm) | M34: Desvio Padrão | N34: % Remoção | P34: Média % | Q34: Desvio Padrão | R34: QE (mg/g) | T34: Média | U34: Desvio Padrão
D35: m1 | E35: m2 | F35: abs1 | G35: abs2 | H35: abs 1 dil. | I35: abs 2 dil. | J35: [ ] 1 | K35: [ ] 2 | L35: concentração | R35: 1 | S35: 2
B36: 50 | D36: 0.0511 | E36: 0.0529 | F36: 0.042 | G36: 0.03 | H36: =F36*50 -> 2.1 | I36: =G36*50 -> 1.5 | J36: =(H36-0.0244)/0.1678 -> 12.369487 | K36: =(I36-0.0244)/0.1678 -> 8.7938021 | L36: =(J36+K36)/2 -> 10.581645 | M36: =STDEV(J36:K36) -> 2.5283914 | N36: =(($Q$6-J36)/$Q$6)*100 -> 94.461463 | O36: =(($Q$6-K36)/$Q$6)*100 -> 96.062505 | P36: =(N36+O36)/2 -> 95.261984 | Q36: =STDEV(N36:O36) -> 1.1321075 | R36: =(($Q$6-J36)/D36)*$Q$9 -> 82.569642 | S36: =(($Q$6-K36)/E36)*$Q$9 -> 81.111955 | T36: =(R36+S36)/2 -> 81.840798 | U36: =STDEV(R36:S36) -> 1.0307404
B37: 100 | D37: 0.1007 | E37: 0.1001 | F37: 0.631 | G37: 0.744 | H37: =F37*1 -> 0.631 | I37: =G37*1 -> 0.744 | J37: =(H37-0.0244)/0.1678 -> 3.6150179 | K37: =(I37-0.0244)/0.1678 -> 4.2884386 | L37: =(J37+K37)/2 -> 3.9517282 | M37: =STDEV(J37:K37) -> 0.47618037 | N37: =(($Q$6-J37)/$Q$6)*100 -> 98.381347 | O37: =(($Q$6-K37)/$Q$6)*100 -> 98.079817 | P37: =(N37+O37)/2 -> 98.230582 | Q37: =STDEV(N37:O37) -> 0.21321357 | R37: =(($Q$6-J37)/D37)*$Q$9 -> 43.638511 | S37: =(($Q$6-K37)/E37)*$Q$9 -> 43.765531 | T37: =(R37+S37)/2 -> 43.702021 | U37: =STDEV(R37:S37) -> 0.089816633
B38: 150 | D38: 0.15 | E38: 0.15 | F38: 0.491 | G38: 0.451 | H38: =F38*1 -> 0.491 | I38: =G38*1 -> 0.451 | J38: =(H38-0.0244)/0.1678 -> 2.7806913 | K38: =(I38-0.0244)/0.1678 -> 2.5423123 | L38: =(J38+K38)/2 -> 2.6615018 | M38: =STDEV(J38:K38) -> 0.16855942 | N38: =(($Q$6-J38)/$Q$6)*100 -> 98.754923 | O38: =(($Q$6-K38)/$Q$6)*100 -> 98.861659 | P38: =(N38+O38)/2 -> 98.808291 | Q38: =STDEV(N38:O38) -> 0.075473832 | R38: =(($Q$6-J38)/D38)*$Q$9 -> 29.407231 | S38: =(($Q$6-K38)/E38)*$Q$9 -> 29.439015 | T38: =(R38+S38)/2 -> 29.423123 | U38: =STDEV(R38:S38) -> 0.02247459
B39: 200 | D39: 0.2004 | E39: 0.2018 | F39: 0.484 | G39: 0.53 | H39: =F39*1 -> 0.484 | I39: =G39*1 -> 0.53 | J39: =(H39-0.0244)/0.1678 -> 2.738975 | K39: =(I39-0.0244)/0.1678 -> 3.0131108 | L39: =(J39+K39)/2 -> 2.8760429 | M39: =STDEV(J39:K39) -> 0.19384334 | N39: =(($Q$6-J39)/$Q$6)*100 -> 98.773602 | O39: =(($Q$6-K39)/$Q$6)*100 -> 98.650855 | P39: =(N39+O39)/2 -> 98.712229 | Q39: =STDEV(N39:O39) -> 0.086794906 | R39: =(($Q$6-J39)/D39)*$Q$9 -> 22.015564 | S39: =(($Q$6-K39)/E39)*$Q$9 -> 21.83566 | T39: =(R39+S39)/2 -> 21.925612 | U39: =STDEV(R39:S39) -> 0.12721092

Sheet Tempo (Vagem)
D5: Massa= 100 mg | F5: =100*3 -> 300 | R5: ABS | S5: ABS*VOL | U5: C. Teorico | V5: C. Real
N6: Y=0,1678x+0,0244 | Q6: sol 4 | R6: 0.677 | S6: =R6*50 -> 33.85 | U6: 200 | V6: =(S6-0.0244)/0.1678 -> 201.58284
C7: Fibra Vagem Base | G7: pH=10
C9: Tempo (min) | D9: massa de semente (g) | F9: Absorbâncias (nm) | H9: Fator diluição | J9: Ce (ppm) | L9: Média (ppm) | M9: DESV P | N9: % Remoção | P9: Média % | Q9: DESV P | R9: QE (mg/g) | T9: Média | U9: DESV P
D10: m1 | E10: m2 | F10: abs1 | G10: abs2 | H10: abs 1 dil. | I10: abs 2 dil. | J10: [ ] 1 | K10: [ ] 2 | R10: 1 | S10: 2
C11: 0 | D11: 0.3014 | E11: 0.3003 | F11: 0.677 | G11: 0.677 | H11: =F11*50 -> 33.85 | I11: =G11*50 -> 33.85 | J11: =(H11-0.0244)/0.1678 -> 201.58284 | K11: =(I11-0.0244)/0.1678 -> 201.58284 | L11: =(J11+K11)/2 -> 201.58284 | M11: =STDEV(J11:K11) -> 0 | N11: =(($V$6-J11)/$V$6)*100 -> 0 | O11: =(($V$6-K11)/$V$6)*100 -> 0 | P11: =(N11+O11)/2 -> 0 | Q11: =STDEV(N11:O11) -> 0 | R11: =(($S$6-J11)/D11)*0.0244 -> -13.578903 | S11: =(($S$6-K11)/E11)*0.0244 -> -13.628642 | T11: =(R11+S11)/2 -> -13.603772 | U11: =STDEV(R11:S11) -> 0.035171187
C12: 1 | D12: 0.3014 | E12: 0.3003 | F12: 0.63 | G12: 0.69 | H12: =F12*50 -> 31.5 | I12: =G12*50 -> 34.5 | J12: =(H12-0.0244)/0.1678 -> 187.57807 | K12: =(I12-0.0244)/0.1678 -> 205.4565 | L12: =(J12+K12)/2 -> 196.51728 | M12: =STDEV(J12:K12) -> 12.641957 | N12: =(($V$6-J12)/$V$6)*100 -> 6.9474008 | O12: =(($V$6-K12)/$V$6)*100 -> -1.9216215 | P12: =(N12+O12)/2 -> 2.5128896 | Q12: =STDEV(N12:O12) -> 6.2713458 | R12: =(($S$6-J12)/D12)*0.0244 -> -12.445139 | S12: =(($S$6-K12)/E12)*0.0244 -> -13.943385 | T12: =(R12+S12)/2 -> -13.194262 | U12: =STDEV(R12:S12) -> 1.0594199
C13: 5 | D13: 0.3014 | E13: 0.3003 | F13: 0.523 | G13: 0.51 | H13: =F13*50 -> 26.15 | I13: =G13*50 -> 25.5 | J13: =(H13-0.0244)/0.1678 -> 155.69487 | K13: =(I13-0.0244)/0.1678 -> 151.82122 | L13: =(J13+K13)/2 -> 153.75805 | M13: =STDEV(J13:K13) -> 2.7390906 | N13: =(($V$6-J13)/$V$6)*100 -> 22.763824 | O13: =(($V$6-K13)/$V$6)*100 -> 24.685445 | P13: =(N13+O13)/2 -> 23.724635 | Q13: =STDEV(N13:O13) -> 1.3587916 | R13: =(($S$6-J13)/D13)*0.0244 -> -9.8640177 | S13: =(($S$6-K13)/E13)*0.0244 -> -9.5854068 | T13: =(R13+S13)/2 -> -9.7247123 | U13: =STDEV(R13:S13) -> 0.19700768
C14: 10 | D14: 0.3014 | E14: 0.3003 | F14: 0.349 | G14: 0.26 | H14: =F14*50 -> 17.45 | I14: =G14*50 -> 13 | J14: =(H14-0.0244)/0.1678 -> 103.84744 | K14: =(I14-0.0244)/0.1678 -> 77.327771 | L14: =(J14+K14)/2 -> 90.587604 | M14: =STDEV(J14:K14) -> 18.752236 | N14: =(($V$6-J14)/$V$6)*100 -> 48.483988 | O14: =(($V$6-K14)/$V$6)*100 -> 61.639705 | P14: =(N14+O14)/2 -> 55.061847 | Q14: =STDEV(N14:O14) -> 9.3024963 | R14: =(($S$6-J14)/D14)*0.0244 -> -5.6666804 | S14: =(($S$6-K14)/E14)*0.0244 -> -3.5326594 | T14: =(R14+S14)/2 -> -4.5996699 | U14: =STDEV(R14:S14) -> 1.5089807
C15: 30 | D15: 0.3014 | E15: 0.3003 | F15: 0.18 | G15: 0.108 | H15: =F15*50 -> 9 | I15: =G15*50 -> 5.4 | J15: =(H15-0.0244)/0.1678 -> 53.489869 | K15: =(I15-0.0244)/0.1678 -> 32.035757 | L15: =(J15+K15)/2 -> 42.762813 | M15: =STDEV(J15:K15) -> 15.170348 | N15: =(($V$6-J15)/$V$6)*100 -> 73.465068 | O15: =(($V$6-K15)/$V$6)*100 -> 84.107895 | P15: =(N15+O15)/2 -> 78.786481 | Q15: =STDEV(N15:O15) -> 7.525615 | R15: =(($S$6-J15)/D15)*0.0244 -> -1.5899562 | S15: =(($S$6-K15)/E15)*0.0244 -> 0.14741103 | T15: =(R15+S15)/2 -> -0.72127259 | U15: =STDEV(R15:S15) -> 1.2285042
C16: 60 | D16: 0.3014 | E16: 0.3003 | F16: 0.068 | G16: 0.053 | H16: =F16*50 -> 3.4 | I16: =G16*50 -> 2.65 | J16: =(H16-0.0244)/0.1678 -> 20.116806 | K16: =(I16-0.0244)/0.1678 -> 15.647199 | L16: =(J16+K16)/2 -> 17.882002 | M16: =STDEV(J16:K16) -> 3.1604892 | N16: =(($V$6-J16)/$V$6)*100 -> 90.020576 | O16: =(($V$6-K16)/$V$6)*100 -> 92.237832 | P16: =(N16+O16)/2 -> 91.129204 | Q16: =STDEV(N16:O16) -> 1.5678364 | R16: =(($S$6-J16)/D16)*0.0244 -> 1.1117782 | S16: =(($S$6-K16)/E16)*0.0244 -> 1.4790155 | T16: =(R16+S16)/2 -> 1.2953968 | U16: =STDEV(R16:S16) -> 0.25967598
C17: 90 | D17: 0.3014 | E17: 0.3003 | F17: 0.047 | G17: 0.038 | H17: =F17*50 -> 2.35 | I17: =G17*50 -> 1.9 | J17: =(H17-0.0244)/0.1678 -> 13.859356 | K17: =(I17-0.0244)/0.1678 -> 11.177592 | L17: =(J17+K17)/2 -> 12.518474 | M17: =STDEV(J17:K17) -> 1.8962935 | N17: =(($V$6-J17)/$V$6)*100 -> 93.124734 | O17: =(($V$6-K17)/$V$6)*100 -> 94.455087 | P17: =(N17+O17)/2 -> 93.789911 | Q17: =STDEV(N17:O17) -> 0.94070187 | R17: =(($S$6-J17)/D17)*0.0244 -> 1.6183534 | S17: =(($S$6-K17)/E17)*0.0244 -> 1.8421803 | T17: =(R17+S17)/2 -> 1.7302668 | U17: =STDEV(R17:S17) -> 0.15826955
C18: 120 | D18: 0.3014 | E18: 0.3003 | F18: 0.027 | G18: 0.027 | H18: =F18*50 -> 1.35 | I18: =G18*50 -> 1.35 | J18: =(H18-0.0244)/0.1678 -> 7.8998808 | K18: =(I18-0.0244)/0.1678 -> 7.8998808 | L18: =(J18+K18)/2 -> 7.8998808 | M18: =STDEV(J18:K18) -> 0 | N18: =(($V$6-J18)/$V$6)*100 -> 96.081075 | O18: =(($V$6-K18)/$V$6)*100 -> 96.081075 | P18: =(N18+O18)/2 -> 96.081075 | Q18: =STDEV(N18:O18) -> 0 | R18: =(($S$6-J18)/D18)*0.0244 -> 2.1008059 | S18: =(($S$6-K18)/E18)*0.0244 -> 2.1085012 | T18: =(R18+S18)/2 -> 2.1046536 | U18: =STDEV(R18:S18) -> 0.0054413704
C19: 180 | D19: 0.3014 | E19: 0.3003 | F19: 0.028 | G19: 0.041 | H19: =F19*50 -> 1.4 | I19: =G19*50 -> 2.05 | J19: =(H19-0.0244)/0.1678 -> 8.1978546 | K19: =(I19-0.0244)/0.1678 -> 12.071514 | L19: =(J19+K19)/2 -> 10.134684 | M19: =STDEV(J19:K19) -> 2.7390906 | N19: =(($V$6-J19)/$V$6)*100 -> 95.933258 | O19: =(($V$6-K19)/$V$6)*100 -> 94.011636 | P19: =(N19+O19)/2 -> 94.972447 | Q19: =STDEV(N19:O19) -> 1.3587916 | R19: =(($S$6-J19)/D19)*0.0244 -> 2.0766833 | S19: =(($S$6-K19)/E19)*0.0244 -> 1.7695473 | T19: =(R19+S19)/2 -> 1.9231153 | U19: =STDEV(R19:S19) -> 0.21717792
C20: 240 | D20: 0.3014 | E20: 0.3003 | F20: 0.018 | G20: 0.018 | H20: =F20*50 -> 0.9 | I20: =G20*50 -> 0.9 | J20: =(H20-0.0244)/0.1678 -> 5.2181168 | K20: =(I20-0.0244)/0.1678 -> 5.2181168 | L20: =(J20+K20)/2 -> 5.2181168 | M20: =STDEV(J20:K20) -> 0 | N20: =(($V$6-J20)/$V$6)*100 -> 97.411428 | O20: =(($V$6-K20)/$V$6)*100 -> 97.411428 | P20: =(N20+O20)/2 -> 97.411428 | Q20: =STDEV(N20:O20) -> 0 | R20: =(($S$6-J20)/D20)*0.0244 -> 2.3179096 | S20: =(($S$6-K20)/E20)*0.0244 -> 2.3264001 | T20: =(R20+S20)/2 -> 2.3221548 | U20: =STDEV(R20:S20) -> 0.0060036981
C21: 300 | D21: 0.3014 | E21: 0.3003 | F21: 0.015 | G21: 0.016 | H21: =F21*50 -> 0.75 | I21: =G21*50 -> 0.8 | J21: =(H21-0.0244)/0.1678 -> 4.3241955 | K21: =(I21-0.0244)/0.1678 -> 4.6221692 | L21: =(J21+K21)/2 -> 4.4731824 | M21: =STDEV(J21:K21) -> 0.21069928 | N21: =(($V$6-J21)/$V$6)*100 -> 97.854879 | O21: =(($V$6-K21)/$V$6)*100 -> 97.707062 | P21: =(N21+O21)/2 -> 97.780971 | Q21: =STDEV(N21:O21) -> 0.10452243 | R21: =(($S$6-J21)/D21)*0.0244 -> 2.3902775 | S21: =(($S$6-K21)/E21)*0.0244 -> 2.3748221 | T21: =(R21+S21)/2 -> 2.3825498 | U21: =STDEV(R21:S21) -> 0.010928614
C22: 360 | D22: 0.3014 | E22: 0.3003 | F22: 0.02 | G22: 0.018 | H22: =F22*50 -> 1 | I22: =G22*50 -> 0.9 | J22: =(H22-0.0244)/0.1678 -> 5.8140644 | K22: =(I22-0.0244)/0.1678 -> 5.2181168 | L22: =(J22+K22)/2 -> 5.5160906 | M22: =STDEV(J22:K22) -> 0.42139856 | N22: =(($V$6-J22)/$V$6)*100 -> 97.115794 | O22: =(($V$6-K22)/$V$6)*100 -> 97.411428 | P22: =(N22+O22)/2 -> 97.263611 | Q22: =STDEV(N22:O22) -> 0.20904486 | R22: =(($S$6-J22)/D22)*0.0244 -> 2.2696643 | S22: =(($S$6-K22)/E22)*0.0244 -> 2.3264001 | T22: =(R22+S22)/2 -> 2.2980322 | U22: =STDEV(R22:S22) -> 0.040118246
... C24: 1440 | D24: 0.3014 | E24: 0.3003 | F24: 0.014 | G24: 0.017 | H24: =F24*50 -> 0.7 | I24: =G24*50 -> 0.85 | J24: =(H24-0.0244)/0.1678 -> 4.0262217 | K24: =(I24-0.0244)/0.1678 -> 4.920143 | L24: =(J24+K24)/2 -> 4.4731824 | M24: =STDEV(J24:K24) -> 0.63209784 | N24: =(($V$6-J24)/$V$6)*100 -> 98.002696 | O24: =(($V$6-K24)/$V$6)*100 -> 97.559245 | P24: =(N24+O24)/2 -> 97.780971 | Q24: =STDEV(N24:O24) -> 0.31356729 | R24: =(($S$6-J24)/D24)*0.0244 -> 2.4144001 | S24: =(($S$6-K24)/E24)*0.0244 -> 2.3506111 | T24: =(R24+S24)/2 -> 2.3825056 | U24: =STDEV(R24:S24) -> 0.045105643
C29: Fibra Vagem Ácido | G29: pH=6
C31: Tempo (min) | D31: massa de semente (g) | F31: Absorbâncias (nm) | H31: Fator diluição | J31: Ce (ppm) | L31: Média (ppm) | M31: DESV P | N31: % Remoção | P31: Média % | Q31: DESV P | R31: QE (mg/g) | T31: Média | U31: DESV P
D32: m1 | E32: m2 | F32: abs1 | G32: abs2 | H32: abs 1 dil. | I32: abs 2 dil. | J32: [ ] 1 | K32: [ ] 2 | R32: 1 | S32: 2
C33: 0 | D33: 0.3011 | E33: 0.301 | F33: 0.677 | G33: 0.677 | H33: =F33*50 -> 33.85 | I33: =G33*50 -> 33.85 | J33: =(H33-0.0244)/0.1678 -> 201.58284 | K33: =(I33-0.0244)/0.1678 -> 201.58284 | L33: =(J33+K33)/2 -> 201.58284 | M33: =STDEV(J33:K33) -> 0 | N33: =(($V$6-J33)/$V$6)*100 -> 0 | O33: =(($V$6-K33)/$V$6)*100 -> 0 | P33: =(N33+O33)/2 -> 0 | Q33: =STDEV(N33:O33) -> 0 | R33: =(($S$6-J33)/D33)*0.0244 -> -13.592432 | S33: =(($S$6-K33)/E33)*0.0244 -> -13.596948 | T33: =(R33+S33)/2 -> -13.59469 | U33: =STDEV(R33:S33) -> 0.0031931232
C34: 1 | D34: 0.3011 | E34: 0.301 | F34: 0.676 | G34: 0.571 | H34: =F34*50 -> 33.8 | I34: =G34*50 -> 28.55 | J34: =(H34-0.0244)/0.1678 -> 201.28486 | K34: =(I34-0.0244)/0.1678 -> 169.99762 | L34: =(J34+K34)/2 -> 185.64124 | M34: =STDEV(J34:K34) -> 22.123424 | N34: =(($V$6-J34)/$V$6)*100 -> 0.14781704 | O34: =(($V$6-K34)/$V$6)*100 -> 15.668606 | P34: =(N34+O34)/2 -> 7.9082115 | Q34: =STDEV(N34:O34) -> 10.974855 | R34: =(($S$6-J34)/D34)*0.0244 -> -13.568285 | S34: =(($S$6-K34)/E34)*0.0244 -> -11.036551 | T34: =(R34+S34)/2 -> -12.302418 | U34: =STDEV(R34:S34) -> 1.7902064
C35: 5 | D35: 0.3011 | E35: 0.301 | F35: 0.537 | G35: 0.575 | H35: =F35*50 -> 26.85 | I35: =G35*50 -> 28.75 | J35: =(H35-0.0244)/0.1678 -> 159.86651 | K35: =(I35-0.0244)/0.1678 -> 171.18951 | L35: =(J35+K35)/2 -> 165.52801 | M35: =STDEV(J35:K35) -> 8.0065726 | N35: =(($V$6-J35)/$V$6)*100 -> 20.694385 | O35: =(($V$6-K35)/$V$6)*100 -> 15.077338 | P35: =(N35+O35)/2 -> 17.885862 | Q35: =STDEV(N35:O35) -> 3.9718523 | R35: =(($S$6-J35)/D35)*0.0244 -> -10.211899 | S35: =(($S$6-K35)/E35)*0.0244 -> -11.13317 | T35: =(R35+S35)/2 -> -10.672534 | U35: =STDEV(R35:S35) -> 0.65143675
C36: 10 | D36: 0.3011 | E36: 0.301 | F36: 0.603 | G36: 0.564 | H36: =F36*50 -> 30.15 | I36: =G36*50 -> 28.2 | J36: =(H36-0.0244)/0.1678 -> 179.53278 | K36: =(I36-0.0244)/0.1678 -> 167.9118 | L36: =(J36+K36)/2 -> 173.72229 | M36: =STDEV(J36:K36) -> 8.2172719 | N36: =(($V$6-J36)/$V$6)*100 -> 10.938461 | O36: =(($V$6-K36)/$V$6)*100 -> 16.703325 | P36: =(N36+O36)/2 -> 13.820893 | Q36: =STDEV(N36:O36) -> 4.0763748 | R36: =(($S$6-J36)/D36)*0.0244 -> -11.805579 | S36: =(($S$6-K36)/E36)*0.0244 -> -10.867468 | T36: =(R36+S36)/2 -> -11.336523 | U36: =STDEV(R36:S36) -> 0.66334436
C37: 30 | D37: 0.3011 | E37: 0.301 | F37: 0.542 | G37: 0.519 | H37: =F37*50 -> 27.1 | I37: =G37*50 -> 25.95 | J37: =(H37-0.0244)/0.1678 -> 161.35638 | K37: =(I37-0.0244)/0.1678 -> 154.50298 | L37: =(J37+K37)/2 -> 157.92968 | M37: =STDEV(J37:K37) -> 4.8460834 | N37: =(($V$6-J37)/$V$6)*100 -> 19.9553 | O37: =(($V$6-K37)/$V$6)*100 -> 23.355092 | P37: =(N37+O37)/2 -> 21.655196 | Q37: =STDEV(N37:O37) -> 2.4040159 | R37: =(($S$6-J37)/D37)*0.0244 -> -10.332632 | S37: =(($S$6-K37)/E37)*0.0244 -> -9.7805073 | T37: =(R37+S37)/2 -> -10.05657 | U37: =STDEV(R37:S37) -> 0.39041132
C38: 60 | D38: 0.3011 | E38: 0.301 | F38: 0.493 | G38: 0.359 | H38: =F38*50 -> 24.65 | I38: =G38*50 -> 17.95 | J38: =(H38-0.0244)/0.1678 -> 146.75566 | K38: =(I38-0.0244)/0.1678 -> 106.82718 | L38: =(J38+K38)/2 -> 126.79142 | M38: =STDEV(J38:K38) -> 28.233703 | N38: =(($V$6-J38)/$V$6)*100 -> 27.198335 | O38: =(($V$6-K38)/$V$6)*100 -> 47.005818 | P38: =(N38+O38)/2 -> 37.102077 | Q38: =STDEV(N38:O38) -> 14.006006 | R38: =(($S$6-J38)/D38)*0.0244 -> -9.1494458 | S38: =(($S$6-K38)/E38)*0.0244 -> -5.9157577 | T38: =(R38+S38)/2 -> -7.5326018 | U38: =STDEV(R38:S38) -> 2.2865628
C39: 90 | D39: 0.3011 | E39: 0.301 | F39: 0.381 | G39: 0.305 | H39: =F39*50 -> 19.05 | I39: =G39*50 -> 15.25 | J39: =(H39-0.0244)/0.1678 -> 113.3826 | K39: =(I39-0.0244)/0.1678 -> 90.736591 | L39: =(J39+K39)/2 -> 102.05959 | M39: =STDEV(J39:K39) -> 16.013145 | N39: =(($V$6-J39)/$V$6)*100 -> 43.753843 | O39: =(($V$6-K39)/$V$6)*100 -> 54.987938 | P39: =(N39+O39)/2 -> 49.370891 | Q39: =STDEV(N39:O39) -> 7.9437047 | R39: =(($S$6-J39)/D39)*0.0244 -> -6.4450196 | S39: =(($S$6-K39)/E39)*0.0244 -> -4.6114047 | T39: =(R39+S39)/2 -> -5.5282122 | U39: =STDEV(R39:S39) -> 1.2965615
C40: 120 | D40: 0.3011 | E40: 0.301 | F40: 0.38 | G40: 0.186 | H40: =F40*50 -> 19 | I40: =G40*50 -> 9.3 | J40: =(H40-0.0244)/0.1678 -> 113.08462 | K40: =(I40-0.0244)/0.1678 -> 55.277712 | L40: =(J40+K40)/2 -> 84.181168 | M40: =STDEV(J40:K40) -> 40.87566 | N40: =(($V$6-J40)/$V$6)*100 -> 43.90166 | O40: =(($V$6-K40)/$V$6)*100 -> 72.578166 | P40: 55 | Q40: =STDEV(N40:O40) -> 20.277351 | R40: =(($S$6-J40)/D40)*0.0244 -> -6.4208729 | S40: =(($S$6-K40)/E40)*0.0244 -> -1.7369972 | T40: =(R40+S40)/2 -> -4.0789351 | U40: =STDEV(R40:S40) -> 3.3120003
C41: 180 | D41: 0.3011 | E41: 0.301 | F41: 0.41 | G41: 0.188 | H41: =F41*50 -> 20.5 | I41: =G41*50 -> 9.4 | J41: =(H41-0.0244)/0.1678 -> 122.02384 | K41: =(I41-0.0244)/0.1678 -> 55.873659 | L41: =(J41+K41)/2 -> 88.948749 | M41: =STDEV(J41:K41) -> 46.77524 | N41: =(($V$6-J41)/$V$6)*100 -> 39.467149 | O41: =(($V$6-K41)/$V$6)*100 -> 72.282532 | P41: 58 | Q41: =STDEV(N41:O41) -> 23.203979 | R41: =(($S$6-J41)/D41)*0.0244 -> -7.1452728 | S41: =(($S$6-K41)/E41)*0.0244 -> -1.7853066 | T41: =(R41+S41)/2 -> -4.4652897 | U41: =STDEV(R41:S41) -> 3.7900685
C42: 240 | D42: 0.3011 | E42: 0.301 | F42: 0.154 | G42: 0.294 | H42: =F42*50 -> 7.7 | I42: =G42*50 -> 14.7 | J42: =(H42-0.0244)/0.1678 -> 45.742551 | K42: =(I42-0.0244)/0.1678 -> 87.45888 | L42: =(J42+K42)/2 -> 66.600715 | M42: =STDEV(J42:K42) -> 29.497899 | N42: =(($V$6-J42)/$V$6)*100 -> 77.308311 | O42: =(($V$6-K42)/$V$6)*100 -> 56.613926 | P42: =(N42+O42)/2 -> 66.961118 | Q42: =STDEV(N42:O42) -> 14.63314 | R42: =(($S$6-J42)/D42)*0.0244 -> -0.96372712 | S42: =(($S$6-K42)/E42)*0.0244 -> -4.3457032 | T42: =(R42+S42)/2 -> -2.6547152 | U42: =STDEV(R42:S42) -> 2.3914182
C43: 300 | D43: 0.3011 | E43: 0.301 | F43: 0.137 | G43: 0.264 | H43: =F43*50 -> 6.85 | I43: =G43*50 -> 13.2 | J43: =(H43-0.0244)/0.1678 -> 40.676996 | K43: =(I43-0.0244)/0.1678 -> 78.519666 | L43: =(J43+K43)/2 -> 59.598331 | M43: =STDEV(J43:K43) -> 26.758808 | N43: =(($V$6-J43)/$V$6)*100 -> 79.821201 | O43: =(($V$6-K43)/$V$6)*100 -> 61.048437 | P43: =(N43+O43)/2 -> 70.434819 | Q43: =STDEV(N43:O43) -> 13.274349 | R43: =(($S$6-J43)/D43)*0.0244 -> -0.55323385 | S43: =(($S$6-K43)/E43)*0.0244 -> -3.6210626 | T43: =(R43+S43)/2 -> -2.0871482 | U43: =STDEV(R43:S43) -> 2.1692825
C44: 360 | D44: 0.3011 | E44: 0.301 | F44: 0.12 | G44: 0.283 | H44: =F44*50 -> 6 | I44: =G44*50 -> 14.15 | J44: =(H44-0.0244)/0.1678 -> 35.611442 | K44: =(I44-0.0244)/0.1678 -> 84.181168 | L44: =(J44+K44)/2 -> 59.896305 | M44: =STDEV(J44:K44) -> 34.343983 | N44: =(($V$6-J44)/$V$6)*100 -> 82.33409 | O44: =(($V$6-K44)/$V$6)*100 -> 58.239913 | P44: =(N44+O44)/2 -> 70.287002 | Q44: =STDEV(N44:O44) -> 17.037156 | R44: =(($S$6-J44)/D44)*0.0244 -> -0.14274058 | S44: =(($S$6-K44)/E44)*0.0244 -> -4.0800017 | T44: =(R44+S44)/2 -> -2.1113711 | U44: =STDEV(R44:S44) -> 2.784064
C45: 480 | D45: 0.3011 | E45: 0.301 | F45: 0.088 | G45: 0.316 | H45: =F45*50 -> 4.4 | I45: =G45*50 -> 15.8 | J45: =(H45-0.0244)/0.1678 -> 26.076281 | K45: =(I45-0.0244)/0.1678 -> 94.014303 | L45: =(J45+K45)/2 -> 60.045292 | M45: =STDEV(J45:K45) -> 48.039436 | N45: =(($V$6-J45)/$V$6)*100 -> 87.064235 | O45: =(($V$6-K45)/$V$6)*100 -> 53.361951 | P45: =(N45+O45)/2 -> 70.213093 | Q45: =STDEV(N45:O45) -> 23.831114 | R45: =(($S$6-J45)/D45)*0.0244 -> 0.62995263 | S45: =(($S$6-K45)/E45)*0.0244 -> -4.8771063 | T45: =(R45+S45)/2 -> -2.1235768 | U45: =STDEV(R45:S45) -> 3.8940787
C46: 1440 | D46: 0.3011 | E46: 0.301 | F46: 0.085 | G46: 0.234 | H46: =F46*50 -> 4.25 | I46: =G46*50 -> 11.7 | J46: =(H46-0.0244)/0.1678 -> 25.18236 | K46: =(I46-0.0244)/0.1678 -> 69.580453 | L46: =(J46+K46)/2 -> 47.381406 | M46: =STDEV(J46:K46) -> 31.394193 | N46: =(($V$6-J46)/$V$6)*100 -> 87.507686 | O46: =(($V$6-K46)/$V$6)*100 -> 65.482948 | P46: =(N46+O46)/2 -> 76.495317 | Q46: =STDEV(N46:O46) -> 15.573842 | R46: =(($S$6-J46)/D46)*0.0244 -> 0.70239262 | S46: =(($S$6-K46)/E46)*0.0244 -> -2.8964221 | T46: =(R46+S46)/2 -> -1.0970147 | U46: =STDEV(R46:S46) -> 2.5447463
C51: Fibra Vagem In Natura | G51: pH=8
C53: Tempo (min) | D53: massa de semente (g) | F53: Absorbâncias (nm) | H53: Fator diluição | J53: Ce (ppm) | L53: Média (ppm) | M53: DESV P | N53: % Remoção | P53: Média % | Q53: DESV P | R53: QE (mg/g) | T53: Média | U53: DESV P
D54: m1 | E54: m2 | F54: abs1 | G54: abs2 | H54: abs 1 dil. | I54: abs 2 dil. | J54: [ ] 1 | K54: [ ] 2 | R54: 1 | S54: 2
C55: 0 | D55: 0.304 | E55: 0.3008 | F55: 0.677 | G55: 0.677 | H55: =F55*50 -> 33.85 | I55: =G55*50 -> 33.85 | J55: =(H55-0.0244)/0.1678 -> 201.58284 | K55: =(I55-0.0244)/0.1678 -> 201.58284 | L55: =(J55+K55)/2 -> 201.58284 | M55: =STDEV(J55:K55) -> 0 | N55: =(($V$6-J55)/$V$6)*100 -> 0 | O55: =(($V$6-K55)/$V$6)*100 -> 0 | P55: =(N55+O55)/2 -> 0 | Q55: =STDEV(N55:O55) -> 0 | R55: =(($S$6-J55)/D55)*0.0244 -> -13.462767 | S55: =(($S$6-K55)/E55)*0.0244 -> -13.605988 | T55: =(R55+S55)/2 -> -13.534378 | U55: =STDEV(R55:S55) -> 0.10127249
C56: 1 | D56: 0.304 | E56: 0.3008 | F56: 0.693 | G56: 0.644 | H56: =F56*50 -> 34.65 | I56: =G56*50 -> 32.2 | J56: =(H56-0.0244)/0.1678 -> 206.35042 | K56: =(I56-0.0244)/0.1678 -> 191.7497 | L56: =(J56+K56)/2 -> 199.05006 | M56: =STDEV(J56:K56) -> 10.324265 | N56: =(($V$6-J56)/$V$6)*100 -> -2.3650726 | O56: =(($V$6-K56)/$V$6)*100 -> 4.8779623 | P56: =(N56+O56)/2 -> 1.2564448 | Q56: =STDEV(N56:O56) -> 5.1215991 | R56: =(($S$6-J56)/D56)*0.0244 -> -13.845428 | S56: =(($S$6-K56)/E56)*0.0244 -> -12.808353 | T56: =(R56+S56)/2 -> -13.326891 | U56: =STDEV(R56:S56) -> 0.73332257
C57: 5 | D57: 0.304 | E57: 0.3008 | F57: 0.682 | G57: 0.664 | H57: =F57*50 -> 34.1 | I57: =G57*50 -> 33.2 | J57: =(H57-0.0244)/0.1678 -> 203.07271 | K57: =(I57-0.0244)/0.1678 -> 197.70918 | L57: =(J57+K57)/2 -> 200.39094 | M57: =STDEV(J57:K57) -> 3.792587 | N57: =(($V$6-J57)/$V$6)*100 -> -0.73908519 | O57: =(($V$6-K57)/$V$6)*100 -> 1.9216215 | P57: =(N57+O57)/2 -> 0.59126815 | Q57: =STDEV(N57:O57) -> 1.8814037 | R57: =(($S$6-J57)/D57)*0.0244 -> -13.582349 | S57: =(($S$6-K57)/E57)*0.0244 -> -13.291768 | T57: =(R57+S57)/2 -> -13.437059 | U57: =STDEV(R57:S57) -> 0.20547133
C58: 10 | D58: 0.304 | E58: 0.3008 | F58: 0.674 | G58: 0.629 | H58: =F58*50 -> 33.7 | I58: =G58*50 -> 31.45 | J58: =(H58-0.0244)/0.1678 -> 200.68892 | K58: =(I58-0.0244)/0.1678 -> 187.2801 | L58: =(J58+K58)/2 -> 193.98451 | M58: =STDEV(J58:K58) -> 9.4814676 | N58: =(($V$6-J58)/$V$6)*100 -> 0.44345111 | O58: =(($V$6-K58)/$V$6)*100 -> 7.0952178 | P58: =(N58+O58)/2 -> 3.7693345 | Q58: =STDEV(N58:O58) -> 4.7035093 | R58: =(($S$6-J58)/D58)*0.0244 -> -13.391018 | S58: =(($S$6-K58)/E58)*0.0244 -> -12.445792 | T58: =(R58+S58)/2 -> -12.918405 | U58: =STDEV(R58:S58) -> 0.66837564
C59: 30 | D59: 0.304 | E59: 0.3008 | F59: 0.604 | G59: 0.617 | H59: =F59*50 -> 30.2 | I59: =G59*50 -> 30.85 | J59: =(H59-0.0244)/0.1678 -> 179.83075 | K59: =(I59-0.0244)/0.1678 -> 183.70441 | L59: =(J59+K59)/2 -> 181.76758 | M59: =STDEV(J59:K59) -> 2.7390906 | N59: =(($V$6-J59)/$V$6)*100 -> 10.790644 | O59: =(($V$6-K59)/$V$6)*100 -> 8.8690223 | P59: =(N59+O59)/2 -> 9.829833 | Q59: =STDEV(N59:O59) -> 1.3587916 | R59: =(($S$6-J59)/D59)*0.0244 -> -11.716876 | S59: =(($S$6-K59)/E59)*0.0244 -> -12.155743 | T59: =(R59+S59)/2 -> -11.93631 | U59: =STDEV(R59:S59) -> 0.31032605
C60: 60 | D60: 0.304 | E60: 0.3008 | F60: 0.55 | G60: 0.562 | H60: =F60*50 -> 27.5 | I60: =G60*50 -> 28.1 | J60: =(H60-0.0244)/0.1678 -> 163.74017 | K60: =(I60-0.0244)/0.1678 -> 167.31585 | L60: =(J60+K60)/2 -> 165.52801 | M60: =STDEV(J60:K60) -> 2.5283914 | N60: =(($V$6-J60)/$V$6)*100 -> 18.772764 | O60: =(($V$6-K60)/$V$6)*100 -> 16.998959 | P60: =(N60+O60)/2 -> 17.885862 | Q60: =STDEV(N60:O60) -> 1.2542692 | R60: =(($S$6-J60)/D60)*0.0244 -> -10.425395 | S60: =(($S$6-K60)/E60)*0.0244 -> -10.826352 | T60: =(R60+S60)/2 -> -10.625874 | U60: =STDEV(R60:S60) -> 0.2835197
C61: 90 | D61: 0.304 | E61: 0.3008 | F61: 0.465 | G61: 0.492 | H61: =F61*50 -> 23.25 | I61: =G61*50 -> 24.6 | J61: =(H61-0.0244)/0.1678 -> 138.4124 | K61: =(I61-0.0244)/0.1678 -> 146.45769 | L61: =(J61+K61)/2 -> 142.43504 | M61: =STDEV(J61:K61) -> 5.6888805 | N61: =(($V$6-J61)/$V$6)*100 -> 31.337212 | O61: =(($V$6-K61)/$V$6)*100 -> 27.346152 | P61: =(N61+O61)/2 -> 29.341682 | Q61: =STDEV(N61:O61) -> 2.8221056 | R61: =(($S$6-J61)/D61)*0.0244 -> -8.3925081 | S61: =(($S$6-K61)/E61)*0.0244 -> -9.1344002 | T61: =(R61+S61)/2 -> -8.7634541 | U61: =STDEV(R61:S61) -> 0.52459695
C62: 120 | D62: 0.304 | E62: 0.3008 | F62: 0.321 | G62: 0.326 | H62: =F62*50 -> 16.05 | I62: =G62*50 -> 16.3 | J62: =(H62-0.0244)/0.1678 -> 95.504172 | K62: =(I62-0.0244)/0.1678 -> 96.994041 | L62: =(J62+K62)/2 -> 96.249106 | M62: =STDEV(J62:K62) -> 1.0534964 | N62: =(($V$6-J62)/$V$6)*100 -> 52.622866 | O62: =(($V$6-K62)/$V$6)*100 -> 51.88378 | P62: 44 | Q62: =STDEV(N62:O62) -> 0.52261215 | R62: =(($S$6-J62)/D62)*0.0244 -> -4.9485585 | S62: =(($S$6-K62)/E62)*0.0244 -> -5.1220565 | T62: =(R62+S62)/2 -> -5.0353075 | U62: =STDEV(R62:S62) -> 0.12268159
C63: 180 | D63: 0.304 | E63: 0.3008 | F63: 0.375 | G63: 0.38 | H63: =F63*50 -> 18.75 | I63: =G63*50 -> 19 | J63: =(H63-0.0244)/0.1678 -> 111.59476 | K63: =(I63-0.0244)/0.1678 -> 113.08462 | L63: =(J63+K63)/2 -> 112.33969 | M63: =STDEV(J63:K63) -> 1.0534964 | N63: =(($V$6-J63)/$V$6)*100 -> 44.640745 | O63: =(($V$6-K63)/$V$6)*100 -> 43.90166 | P63: 52 | Q63: =STDEV(N63:O63) -> 0.52261215 | R63: =(($S$6-J63)/D63)*0.0244 -> -6.2400396 | S63: =(($S$6-K63)/E63)*0.0244 -> -6.4272767 | T63: =(R63+S63)/2 -> -6.3336582 | U63: =STDEV(R63:S63) -> 0.13239664
C64: 240 | D64: 0.304 | E64: 0.3008 | F64: 0.263 | G64: 0.33 | H64: =F64*50 -> 13.15 | I64: =G64*50 -> 16.5 | J64: =(H64-0.0244)/0.1678 -> 78.221692 | K64: =(I64-0.0244)/0.1678 -> 98.185936 | L64: =(J64+K64)/2 -> 88.203814 | M64: =STDEV(J64:K64) -> 14.116852 | N64: =(($V$6-J64)/$V$6)*100 -> 61.196254 | O64: =(($V$6-K64)/$V$6)*100 -> 51.292512 | P64: =(N64+O64)/2 -> 56.244383 | Q64: =STDEV(N64:O64) -> 7.0030028 | R64: =(($S$6-J64)/D64)*0.0244 -> -3.5614122 | S64: =(($S$6-K64)/E64)*0.0244 -> -5.2187395 | T64: =(R64+S64)/2 -> -4.3900758 | U64: =STDEV(R64:S64) -> 1.1719074
C65: 300 | D65: 0.304 | E65: 0.3008 | F65: 0.213 | G65: 0.296 | H65: =F65*50 -> 10.65 | I65: =G65*50 -> 14.8 | J65: =(H65-0.0244)/0.1678 -> 63.323004 | K65: =(I65-0.0244)/0.1678 -> 88.054827 | L65: =(J65+K65)/2 -> 75.688915 | M65: =STDEV(J65:K65) -> 17.48804 | N65: =(($V$6-J65)/$V$6)*100 -> 68.587106 | O65: =(($V$6-K65)/$V$6)*100 -> 56.318291 | P65: =(N65+O65)/2 -> 62.452699 | Q65: =STDEV(N65:O65) -> 8.6753617 | R65: =(($S$6-J65)/D65)*0.0244 -> -2.3655963 | S65: =(($S$6-K65)/E65)*0.0244 -> -4.3969341 | T65: =(R65+S65)/2 -> -3.3812652 | U65: =STDEV(R65:S65) -> 1.4363727
C66: 360 | D66: 0.304 | E66: 0.3008 | F66: 0.201 | G66: 0.266 | H66: =F66*50 -> 10.05 | I66: =G66*50 -> 13.3 | J66: =(H66-0.0244)/0.1678 -> 59.747318 | K66: =(I66-0.0244)/0.1678 -> 79.115614 | L66: =(J66+K66)/2 -> 69.431466 | M66: =STDEV(J66:K66) -> 13.695453 | N66: =(($V$6-J66)/$V$6)*100 -> 70.36091 | O66: =(($V$6-K66)/$V$6)*100 -> 60.752803 | P66: =(N66+O66)/2 -> 65.556856 | Q66: =STDEV(N66:O66) -> 6.7939579 | R66: =(($S$6-J66)/D66)*0.0244 -> -2.0786005 | S66: =(($S$6-K66)/E66)*0.0244 -> -3.6718118 | T66: =(R66+S66)/2 -> -2.8752062 | U66: =STDEV(R66:S66) -> 1.1265705
C67: 480 | D67: 0.304 | E67: 0.3008 | F67: 0.19 | G67: 0.247 | H67: =F67*50 -> 9.5 | I67: =G67*50 -> 12.35 | J67: =(H67-0.0244)/0.1678 -> 56.469607 | K67: =(I67-0.0244)/0.1678 -> 73.454112 | L67: =(J67+K67)/2 -> 64.961859 | M67: =STDEV(J67:K67) -> 12.009859 | N67: =(($V$6-J67)/$V$6)*100 -> 71.986897 | O67: =(($V$6-K67)/$V$6)*100 -> 63.561326 | P67: =(N67+O67)/2 -> 67.774112 | Q67: =STDEV(N67:O67) -> 5.9577785 | R67: =(($S$6-J67)/D67)*0.0244 -> -1.8155211 | S67: =(($S$6-K67)/E67)*0.0244 -> -3.2125676 | T67: =(R67+S67)/2 -> -2.5140443 | U67: =STDEV(R67:S67) -> 0.98786108
